case,generation,method,created_at,R_mm,alphaRin,alphaL0,L1_mm,alphaL2,alphaL3,theta0_deg,theta1_deg,alphaTheta2,alphat,U_mps,Rin_mm,L0_mm,L2_mm,L3_mm,L4_mm,t_mm,theta2_deg,Qaerosol_lpm,Qsheath_lpm,R1_mm,R2_mm,R3_mm,l1_mm,l2_mm,l1x_mm,l1y_mm,l2x_mm,l2y_mm,completed_at,objective_version,evaluation_status,score,n_outlet,n_substrate,n_target,n_substrate_overspray,n_wall_deposition,n_wall_upper,n_wall_down,n_wall_cavity,n_overspray,n_resolved,total_particles,target_center_x_m,target_center_z_m,target_diameter_um,target_radius_um,target_fraction,target_precision,substrate_fraction,substrate_resolved_fraction,substrate_overspray_fraction,wall_deposition_fraction,overspray_fraction,outlet_fraction,resolved_ratio,unresolved_fraction,deposit_centroid_x_mm,deposit_centroid_z_mm,deposit_rms_radius_mm,deposit_r90_radius_mm,deposit_footprint_area90_mm2,deposit_density_per_mm2,deposition_spread_score,deposition_particle_support,deposition_compactness,target_particle_support,targeted_deposition_compactness,target_rms_radius_um,target_r90_radius_um,target_centered_spread_score,target_centered_particle_support,target_centered_compactness,resolved_constraint,wall_constraint,objective_primary_score,objective_secondary_raw,objective_secondary_score,objective_tie_break_scale,source_objective_version,source_score,mesh_nodes,mesh_elements,max_u_mps,potential_failed,simple_failed,unclean_end,velocity_rejected,velocity_check_failed,mesh_rejected,run_finished,aerosol_mean_velocity_mps,aerosol_flow_fraction,Rin_over_R,R1_over_R,L2_over_R,t_over_R,host,failed,failure_class,potential_SIGFPE,last_iteration,first_continuity_gt_1e3,first_continuity_gt_1e12,max_log10_continuity,last_local_continuity,last_global_continuity,last_cumulative_continuity,simple_end,simple_sigfpe,turbulence_divide_sigfpe
case_1259,602,qlognehvi,2026-07-26T23:15:16,0.6519826552059382,0.6511448855341279,2.4895298605753857,7.079897762342217,3.175940755691032,0.5047732280465047,50.51384614697139,34.88308448196433,0.8656709136705807,2.5511901767320695,43.33825257685456,6.019714273466605,1.6231302887124093,29.36098604696112,1.6067028823317249,30.098571367333026,1.6633317453610814,31.54056247844431,1.9859208624337095,1.4865979241315708,9.244815412362016,12.001453448780993,20.034967860439615,4.820108646995175,8.341280331581938,2.7566380364189773,3.9540351673961855,4.363340918750702,7.1090233926181075,2026-07-26T23:41:48,central_target_d10um_mobo_v1,complete,0.049,477,503,49,454,0,0,0,0,454,980,1000,0.0,0.0,10.0,5.0,0.049,0.09741550695825049,0.503,0.513265306122449,0.454,0.0,0.454,0.477,0.98,0.02,0.25306787537375747,7.432109674035786e-06,0.26664020425051543,0.3941351277933569,0.4880228535251705,1030.6894367069985,0.623240198954134,1.0,0.623240198954134,1.0,0.623240198954134,367.61440141020114,647.2030025361568,0.007666324718771608,1.0,0.007666324718771608,-0.030000000000000027,-0.05,0.049,0.0,0.0,0.0,,,51242,78586,57.8161,True,False,False,False,False,False,True,0.29074286071437067,0.571896362409032,9.232936222153318,14.179541953369766,45.03338518673787,2.5511901767320695,xeon6,False,complete,True,,,,,,,,,,
case_1260,602,qlognehvi,2026-07-26T23:15:16,0.8660463151281435,0.34189981599169394,3.9861280206066554,5.394293955702265,3.910463875693356,0.4771220144260455,30.01397264529451,39.7431331886734,0.9821516833101344,3.381797561466407,48.91172909086165,1.3615126364589936,3.4521714838754343,15.572239972490243,1.3245425183637596,6.807563182294968,2.928793316617323,39.2122683281731,1.2037933742635318,5.711273356124083,3.982197628594424,6.522723900434279,13.145436492253078,3.9736275550912787,6.113726677123471,2.5405262718398554,3.0553955895550056,3.865068790203615,4.736971303434839,2026-07-26T23:41:48,central_target_d10um_mobo_v1,complete,0.001,404,596,1,595,0,0,0,0,595,1000,1000,0.0,0.0,10.0,5.0,0.001,0.0016778523489932886,0.596,0.596,0.595,0.0,0.595,0.404,1.0,0.0,0.4039500912751679,6.622793897132554e-06,0.43528073454805766,0.7372649090511038,1.7076426768733268,349.01915258481876,0.5401610754465229,1.0,0.5401610754465229,0.05,0.027008053772326148,593.8391989030148,1141.2150003164415,0.004362183358811065,0.05,0.00021810916794055325,-0.050000000000000044,-0.05,0.001,0.0,0.0,0.0,,,56712,85645,58.7646,True,False,False,False,False,False,True,3.4451447406228515,0.17408268368164465,1.5721014138343619,4.598134717547067,17.98083970853928,3.381797561466407,xeon1,False,complete,True,,,,,,,,,,
case_1263,602,qlognehvi,2026-07-26T23:15:16,0.5597492997682605,0.4287130877191965,3.9946091085520696,7.77533199466471,2.2152328997701627,0.20893255784422848,41.61327075882441,56.498966576225534,0.36655008054788496,0.7448853020912666,47.180364353600915,3.2008719060837634,2.235979651359936,16.5394455112859,2.7920535962226496,16.004359530418817,0.41694902625325564,27.04419994390888,0.6467426666147577,2.1396962781809714,7.466233240307112,14.45091157873809,28.411179559851334,8.37616078866795,21.502553461230374,6.984678338430978,4.623238915119092,9.776731934653627,19.15137901120946,2026-07-26T23:44:16,central_target_d10um_mobo_v1,complete,0.01,264,727,10,717,0,0,0,0,717,991,1000,0.0,0.0,10.0,5.0,0.01,0.013755158184319119,0.727,0.7336024217961655,0.717,0.0,0.717,0.264,0.991,0.009,0.2789479576547457,1.583331269058598e-05,0.2676804318198375,0.41523604335603703,0.5416764580237435,1342.1295853476672,0.5741104763427197,1.0,0.5741104763427197,0.5,0.28705523817135986,386.6067471083532,694.1840012079482,0.007151193378798326,0.5,0.003575596689399163,-0.041000000000000036,-0.05,0.01,0.0,0.0,0.0,,,44137,86411,61.7929,True,False,False,False,False,False,True,0.3348835389309428,0.2321036561101358,5.718402698152446,13.338530737596592,29.547952124519547,0.7448853020912666,xeon6,False,complete,True,,,,,,,,,,
case_1273,603,qlognehvi,2026-07-26T23:18:18,0.556377921206015,0.32013211938140657,4.408015028379193,8.539927473820297,1.9066072314453113,0.3288575261299663,28.55135819241343,28.81082220135002,0.9389465974354487,2.8291255921762257,35.77143586170447,1.6656783604624064,2.4525222381344887,9.920261713995467,2.0318267195626305,8.328391802312032,1.5740630158057447,27.6623575009208,0.2926303277790123,1.794633136076245,5.20309665797049,8.140625488118454,18.299759085931605,6.0954801586878915,10.70381429413016,2.937528830147964,5.340955227017663,4.969355549710595,9.48035578782704,2026-07-26T23:44:16,central_target_d10um_mobo_v1,complete,0.009,0,742,9,733,0,0,0,0,733,742,1000,0.0,0.0,10.0,5.0,0.009,0.012129380053908356,0.742,1.0,0.733,0.0,0.733,0.0,0.742,0.258,0.2868377569118599,1.5091194937414289e-05,0.26257344055854526,0.4050734433223924,0.5154866424422577,1439.416541395862,0.578685455898145,1.0,0.578685455898145,0.45,0.2604084551541653,388.8710720852391,691.9112005668931,0.007174515197822646,0.45,0.0032285318390201908,0.20799999999999996,-0.05,0.009,0.0,0.0,0.0,,,52936,82811,44.8506,True,False,False,False,False,False,True,0.5595461647579697,0.14019807889441643,2.993789467511312,9.351731008110749,17.830077966595304,2.8291255921762257,xeon4,False,complete,True,,,,,,,,,,
case_1268,603,qlognehvi,2026-07-26T23:18:18,0.7044063368355348,0.6375727602792947,1.598702364175852,11.125114658841149,2.5243864488998096,0.5525621612189453,29.548933521549227,11.787281092352716,0.19267267130770627,2.469866618432078,48.39591895437174,4.470177067895559,1.126136076039421,17.69908490041979,1.2420930312124066,22.350885339477795,1.7397896971621096,10.344360222441352,2.5225098149815395,2.0039260610310756,7.011242239924673,7.7724418796105645,13.982907035672596,3.7262790936372197,11.156432250120334,0.7611996396858913,3.6477021523446633,2.003292670898298,10.975099044029179,2026-07-26T23:46:44,central_target_d10um_mobo_v1,complete,0.0,497,503,0,503,0,0,0,0,503,1000,1000,0.0,0.0,10.0,5.0,0.0,0.0,0.503,0.503,0.503,0.0,0.503,0.497,1.0,0.0,0.32242459337972135,6.154075575009935e-06,0.29417457605904923,0.4831300066249934,0.7332936029724619,685.9462539439194,0.5931661297900717,1.0,0.5931661297900717,0.0,0.0,436.4588178207342,805.5546000425043,0.006168615907846069,0.0,0.0,-0.050000000000000044,-0.05,0.0,0.0,0.0,0.0,,,50513,79106,58.5619,True,False,False,False,False,False,True,0.6697030689056959,0.5572838948960535,6.346020519885327,9.953405972214673,25.126243156657157,2.469866618432078,xeon1,False,complete,True,,,,,,,,,,
case_1266,602,qlognehvi,2026-07-26T23:15:16,0.7959405118117493,0.6897063033902121,1.7055318975259897,12.957508913707205,1.0731551822708427,0.5718115955861435,24.063175963292345,30.135562433316785,0.8959581769149757,3.0452579962948865,38.74645676714847,4.539731764387186,1.3575019314281003,7.063639472518127,1.018151461363036,22.69865882193593,2.423844208169774,28.040621808912178,2.891747198679834,1.7351977997825991,6.582123060311893,8.115604626608345,13.206361933423526,3.054454384089108,5.427881129649246,1.533481566296451,2.6416142546386587,2.551633027659487,4.790726714159311,2026-07-26T23:47:58,central_target_d10um_mobo_v1,complete,0.0,555,445,0,445,0,0,0,0,445,1000,1000,0.0,0.0,10.0,5.0,0.0,0.0,0.445,0.445,0.445,0.0,0.445,0.555,1.0,0.0,0.36394503101123593,3.6353312515415722e-06,0.25342185011907253,0.37536916903638345,0.44265672911493814,1005.2936524646244,0.679530379391569,1.0,0.679530379391569,0.0,0.0,443.4846330243686,739.3142000624595,0.006717593187904279,0.0,0.0,-0.050000000000000044,-0.05,0.0,0.0,0.0,0.0,,,54619,82282,45.7728,True,False,False,False,False,False,True,0.7443870597917792,0.6249798084137119,5.703606861339022,8.269616840245286,8.87458216750346,3.0452579962948865,xeon5,False,complete,True,,,,,,,,,,
case_1267,603,qlognehvi,2026-07-26T23:18:18,0.6921666178380934,0.5509375990295882,1.9984072426138209,8.55291768719579,0.7276978884944955,0.365431869551217,36.71749474439768,33.641644605013866,0.47305505166078743,3.0187631471456733,47.95745337217246,3.895888244317398,1.3832307821831586,5.145827139396311,1.7459285982751243,19.479441221586992,2.0894870776140992,21.18379940997081,1.7851925342417656,2.545711259564377,7.071378412327544,9.973094980272377,18.702737971648,5.237785794825372,12.861504057421152,2.9017165679448333,4.360555124269032,4.647645166219958,11.992400970113241,2026-07-26T23:49:14,central_target_d10um_mobo_v1,complete,0.005,452,548,5,543,0,0,0,0,543,1000,1000,0.0,0.0,10.0,5.0,0.005,0.009124087591240875,0.548,0.548,0.543,0.0,0.543,0.452,1.0,0.0,0.3045122169708027,8.2086094600511e-06,0.33204146647545313,0.5642970831168779,1.0003811123552595,547.7912299941464,0.5508846911470776,1.0,0.5508846911470776,0.25,0.1377211727867694,450.5321584648804,868.8093001650053,0.005722072309205026,0.25,0.0014305180773012565,-0.050000000000000044,-0.05,0.005,0.0,0.0,0.0,,,56148,90078,60.361,True,False,False,False,False,False,True,0.6239804141752365,0.41219861239930217,5.628541082327516,10.216295079953754,7.4343763579190485,3.0187631471456733,xeon6,False,complete,True,,,,,,,,,,
case_1274,603,qlognehvi,2026-07-26T23:18:18,0.5381770943231375,0.35553601180600536,4.777309183870766,8.764704769342181,2.2013587683894844,0.17004039027230844,22.181120016824327,31.16079314700059,0.9169733287659325,2.838387217932885,47.07376228273628,1.4618283353073038,2.5710383752588086,9.051146766997011,1.539299338794421,7.30914167653652,1.5275549855110542,29.403882931332465,0.4419860497740836,2.1279981426254646,4.111618195528772,6.501110604738669,14.197607298710771,4.617898016383263,8.002218887617444,2.389492409209897,3.9516209479205817,3.9287917480043175,6.971377376541493,2026-07-26T23:49:14,central_target_d10um_mobo_v1,complete,0.004,0,752,4,748,0,0,0,0,748,752,1000,0.0,0.0,10.0,5.0,0.004,0.005319148936170213,0.752,1.0,0.748,0.0,0.748,0.0,0.752,0.248,0.28674919220345724,1.5336572431147615e-05,0.2709172641504937,0.4201954078822911,0.5546927333052346,1355.7055191963218,0.5615531466988798,1.0,0.5615531466988798,0.2,0.11231062933977597,394.48861007554353,706.944600033255,0.007023018363741293,0.2,0.0014046036727482587,0.19799999999999995,-0.05,0.004,0.0,0.0,0.0,,,52923,80862,57.3639,True,False,False,False,False,False,True,1.0972729863977762,0.17198006551215755,2.716258924296727,7.639898165305478,16.81815681579795,2.838387217932885,xeon5,False,complete,True,,,,,,,,,,
case_1265,602,qlognehvi,2026-07-26T23:15:16,0.5020321631655309,0.32214197530206784,4.168083116445022,3.2489407990693646,1.7528165842436068,0.3944968147740978,44.013697064406806,42.516824423486774,0.20782716853920913,4.3151436946754895,35.38054677210903,1.1729186620642862,2.092511783202622,6.382003714068325,1.2834242335487618,5.864593310321431,2.166340923408037,16.757879549819858,0.2548261879166684,1.4260229910611741,3.640999161827506,6.243039148764499,12.660160316508307,3.8502727006462854,13.475849841661441,2.6020399869369926,2.837954857943124,3.8854642204857543,12.903553647981308,2026-07-26T23:50:31,central_target_d10um_mobo_v1,complete,0.018,0,700,18,682,79,79,0,0,682,779,1000,0.0,0.0,10.0,5.0,0.018,0.025714285714285714,0.7,0.8985879332477535,0.682,0.079,0.682,0.0,0.779,0.221,0.2422825279985715,1.4335324986479335e-05,0.2398981301221765,0.3663944724357799,0.421742821251807,1659.7792890043195,0.5780939259398887,1.0,0.5780939259398887,0.9,0.5202845333458999,340.95738210954875,608.677000823682,0.008147608584465381,0.9,0.007332847726018843,0.17099999999999993,0.028999999999999998,0.018,0.0,0.0,0.0,,,71173,112320,46.7169,True,False,False,False,False,False,True,0.9826687421416904,0.1516056235763123,2.336341669164231,7.252521708707714,12.712340328609661,4.3151436946754895,xeon4,False,complete,True,,,,,,,,,,
case_1269,603,qlognehvi,2026-07-26T23:18:18,0.8010692447467067,0.314270565105778,3.7390278374796506,6.157183432009388,2.428263153449468,0.39000250656153557,31.119374807961712,23.470293341051573,0.581935153260441,4.297661810233694,49.61415712282715,1.419924718933376,2.995220205856736,10.97128162320098,1.6699208123191083,7.0996235946668795,3.4427247005006696,17.838837219887942,0.8451048917686277,5.156216112688009,4.518160071578622,6.513415886657246,14.863019948252788,5.009762436957325,11.964383256830372,1.995255815078624,4.595288228951861,3.665176627397732,11.38915918785493,2026-07-26T23:50:31,central_target_d10um_mobo_v1,complete,0.045,328,664,45,619,8,8,0,0,619,1000,1000,0.0,0.0,10.0,5.0,0.045,0.0677710843373494,0.664,0.664,0.619,0.008,0.619,0.328,1.0,0.0,0.39019953719713846,9.149382347688251e-06,0.40818212883749816,0.6526824630781588,1.3383008700012695,496.1515118789171,0.5510358064825828,1.0,0.5510358064825828,1.0,0.5510358064825828,564.6842739220601,1042.8820002793846,0.0047715296175207785,1.0,0.0047715296175207785,-0.050000000000000044,-0.042,0.045,0.0,0.0,0.0,,,70512,110603,60.1248,True,False,False,False,False,False,True,2.2237136044266332,0.14081981136170602,1.772536804084081,5.64016169789072,13.695796830485026,4.297661810233694,xeon4,False,complete,True,,,,,,,,,,
case_1262,602,qlognehvi,2026-07-26T23:15:16,0.7496320505178959,0.6560174769754086,3.9238161577390094,6.645192605045923,4.9452184145009435,0.3123776797902661,40.38087675792758,11.583072655111067,0.9850616739150039,4.241192895170016,49.58055012638337,4.199371851948158,2.9414183521811452,31.655880735582027,1.1388578240096845,20.99685925974079,3.179334126648231,11.559424199572778,2.9954682815582983,2.25633871433457,6.401310939625433,7.087319632000481,12.781608752048903,3.4165734720290537,9.10684044083372,0.6860086923750485,3.346993630671941,1.8248665163847329,8.92213007146737,2026-07-26T23:53:02,central_target_d10um_mobo_v1,complete,0.001,507,493,1,492,0,0,0,0,492,1000,1000,0.0,0.0,10.0,5.0,0.001,0.002028397565922921,0.493,0.493,0.492,0.0,0.492,0.507,1.0,0.0,0.2935985883569985,5.431360219748474e-06,0.3217530420851064,0.49989881186154533,0.7850803036519395,627.9612387506394,0.5999308005009143,1.0,0.5999308005009143,0.05,0.029996540025045718,435.5745070659461,793.4974002410966,0.006261761150994745,0.05,0.00031308805754973727,-0.050000000000000044,-0.05,0.001,0.0,0.0,0.0,,,70680,108098,62.1554,True,False,False,False,False,False,True,0.9011455376552214,0.5703690718072616,5.601910762816173,8.539270613100093,42.228558282309336,4.241192895170016,xeon5,False,complete,True,,,,,,,,,,
case_1271,603,qlognehvi,2026-07-26T23:18:18,0.7444750666859266,0.6923221463701655,2.3291752765572324,9.868757971567057,4.658398204709234,0.6567540294270051,46.38007791066069,11.662401618123631,0.5326610617748643,4.219527109820223,44.42697436711889,7.685107560298206,1.734012919338157,51.71045220724327,1.4858205997053844,38.42553780149103,3.141332726466486,10.885496611005985,3.0512586635442616,1.5901325415575522,11.100479163625067,12.001531310266405,19.430634308793326,4.457461799116153,12.639196629131035,0.9010521466413378,4.365440495484144,2.386872746346722,12.411773842710177,2026-07-26T23:59:11,central_target_d10um_mobo_v1,complete,0.001,482,468,1,467,0,0,0,0,467,950,1000,0.0,0.0,10.0,5.0,0.001,0.002136752136752137,0.468,0.4926315789473684,0.467,0.0,0.467,0.482,0.95,0.05,0.26948496446581194,4.136605197579059e-06,0.2836083317824241,0.3872799372640996,0.471194129737723,993.2212021836924,0.6578058538178106,1.0,0.6578058538178106,0.05,0.032890292690890534,391.22350638306614,656.7649012235005,0.007555553325290865,0.05,0.00037777766626454325,0.0,-0.05,0.001,0.0,0.0,0.0,,,76794,119881,58.1218,True,False,False,False,False,False,True,0.274080414224323,0.6574017420014759,10.322854188400028,14.910478080937601,69.4589443235961,4.219527109820223,xeon6,False,complete,True,,,,,,,,,,
case_1264,602,qlognehvi,2026-07-26T23:15:16,0.810818676067012,0.6215382930335862,2.3499400303571725,8.803557395806415,2.6830899269462343,0.13485126338057374,55.306621953791016,46.10014389928792,0.962571438749524,4.4885950048386425,47.78072799202163,8.408114261699867,1.9053752642510764,36.296599796081786,3.6990875808991555,42.04057130849933,3.639436659224271,44.74896745220243,2.664625977539704,3.2564600703852764,13.527910276713257,21.524074608319943,40.01951251281572,11.097262742697467,16.612528294740418,7.996164331606686,7.694842192170174,11.695251912505842,11.798185413298924,2026-07-27T00:00:27,central_target_d10um_mobo_v1,complete,0.002,466,498,2,496,0,0,0,0,496,964,1000,0.0,0.0,10.0,5.0,0.002,0.004016064257028112,0.498,0.516597510373444,0.496,0.0,0.496,0.466,0.964,0.036,0.28954542160843355,5.0949804310040075e-06,0.32706084545989106,0.5141676803508886,0.8305378343315684,599.6114558716031,0.611944924670062,1.0,0.611944924670062,0.1,0.0611944924670062,436.8127148255911,803.7131015539076,0.006182662294443746,0.1,0.0006182662294443747,-0.014000000000000012,-0.05,0.002,0.0,0.0,0.0,,,80746,128891,64.437,True,False,False,False,False,False,True,0.1999576042397219,0.45002318087802673,10.369906996326955,16.684260829230347,44.765372169451574,4.4885950048386425,xeon1,False,complete,True,,,,,,,,,,
case_1272,603,qlognehvi,2026-07-26T23:18:18,0.6512255821493234,0.6013378159753122,1.7647018454408951,7.475097143744567,2.7086627737670677,0.04772308750223753,55.87142743469935,46.457911809317395,0.44710227687661575,2.1323492315763506,49.51949852429411,7.023653874314397,1.1492189866172322,31.637308148206166,3.529621718759158,35.118269371571984,1.3886403696789713,26.300415380112664,1.636560982173131,2.322026676526711,11.680046868369162,19.35558194160088,37.00369053539667,10.588865156277475,25.289372590770302,7.675535073231721,7.294534024693895,11.205156791990879,22.67149812653996,2026-07-27T00:00:27,central_target_d10um_mobo_v1,complete,0.02,387,582,20,562,0,0,0,0,562,969,1000,0.0,0.0,10.0,5.0,0.02,0.03436426116838488,0.582,0.6006191950464397,0.562,0.0,0.562,0.387,0.969,0.031,0.2831443216340206,1.0587128966804135e-05,0.30973534153729254,0.5007147784672357,0.7876453112446875,738.9112735023921,0.5653292517685243,1.0,0.5653292517685243,1.0,0.5653292517685243,419.65067470802455,783.8591001139688,0.006338267504650242,1.0,0.006338267504650242,-0.019000000000000017,-0.05,0.02,0.0,0.0,0.0,,,63406,122155,70.5885,True,False,False,False,False,False,True,0.1759968386829688,0.41342042245204264,10.785285570528927,17.935485319572376,48.581181414571425,2.1323492315763506,xeon1,False,complete,True,,,,,,,,,,
case_1270,603,qlognehvi,2026-07-26T23:18:18,0.7766116211982603,0.6731074543182293,4.210143876489394,7.429711483483821,3.916813401273773,0.3774418855610636,45.40005137283566,50.260248344073254,0.15913173926362845,4.44695211211152,46.29039366996691,5.5940654632794535,3.269646661398357,32.55187627712229,1.4462126308736347,27.970327316397267,3.453554689177955,16.406683342177992,3.0932381771898094,2.16935462425898,8.310805990026537,11.64702847338731,18.878091627755484,4.338637892620904,16.931769523247816,3.3362224833607725,2.773697587121573,4.782435114234407,16.242325374358234,2026-07-27T00:05:21,central_target_d10um_mobo_v1,complete,0.001,521,472,1,471,4,0,0,4,471,997,1000,0.0,0.0,10.0,5.0,0.001,0.00211864406779661,0.472,0.47342026078234706,0.471,0.004,0.471,0.521,0.997,0.003,0.28316398980932206,4.1129657816800875e-06,0.2954906796937374,0.4112398104089433,0.531300437107805,888.3862444559359,0.6537952479019015,1.0,0.6537952479019015,0.05,0.03268976239509507,409.2634688406934,694.4038001985019,0.007148946000266113,0.05,0.0003574473000133057,-0.04700000000000004,-0.046,0.001,0.0,0.0,0.0,,,79322,128200,58.971,True,False,False,False,False,False,True,0.5243933190470181,0.5877783620914471,7.203169912199074,10.70136701946787,41.91525775380093,4.44695211211152,xeon5,False,complete,True,,,,,,,,,,
case_1281,604,qlognehvi,2026-07-26T23:20:40,0.698451858965562,0.6960624428918609,1.5192076087892437,13.380418503168418,3.0348245638767346,0.6966871049073048,25.007401343304004,41.83051275617689,0.4226261054102849,1.1311220943473015,40.16214757400524,4.830637086025917,1.0610933785134735,21.061524346778985,1.03315537823552,24.153185430129586,0.7900343295138925,23.452405639355433,2.3541112667005355,1.338988209707583,6.939947895991275,9.007072915826546,14.172849807004146,3.09946613470656,7.789900758551688,2.067125019835271,2.309477099380692,3.100280398070791,7.146384770037378,2026-07-27T00:06:36,central_target_d10um_mobo_v1,complete,0.0,507,473,0,473,0,0,0,0,473,980,1000,0.0,0.0,10.0,5.0,0.0,0.0,0.473,0.4826530612244898,0.473,0.0,0.473,0.507,0.98,0.02,0.36082698646934447,4.404058671016914e-06,0.2402690630886044,0.3292520464995354,0.34057035244434275,1388.8466703140268,0.6796236301636616,1.0,0.6796236301636616,0.0,0.0,433.50356037917396,641.8658013698613,0.007729578514448514,0.0,0.0,-0.030000000000000027,-0.05,0.0,0.0,0.0,0.0,,,33419,51761,46.1442,True,False,False,False,False,False,True,0.5352011529330957,0.637435108839832,6.916206212379912,9.93618644851149,30.154582705201804,1.1311220943473015,xeon5,False,complete,True,,,,,,,,,,
case_1275,604,qlognehvi,2026-07-26T23:20:40,0.7299799696676699,0.3975113278926338,4.977114661893152,4.016089564480863,2.4877450237702807,0.3600769268209021,52.97831947911695,49.66714771656576,0.6541573300032077,3.0662294101181433,46.01400447955697,2.4070571181516818,3.633194009921278,15.06408483843271,2.0547595558273053,12.03528559075841,2.2382860517921594,35.948555439111495,1.0121765280867898,3.6096436081793457,6.0553170419380296,10.75433032058896,21.02812809972549,6.164278667481916,11.504426696905616,4.69901327865093,3.9896874185122417,6.7537728344782355,9.313344518739685,2026-07-27T00:11:30,central_target_d10um_mobo_v1,complete,0.029,378,622,29,593,0,0,0,0,593,1000,1000,0.0,0.0,10.0,5.0,0.029,0.04662379421221865,0.622,0.622,0.593,0.0,0.593,0.378,1.0,0.0,0.32981991077331174,9.96258583362235e-06,0.3608901480115387,0.6155603902716784,1.190395305072735,522.5155016568172,0.5425180777933517,1.0,0.5425180777933517,1.0,0.5425180777933517,488.89965491249717,945.3803011051916,0.005261051806508962,1.0,0.005261051806508962,-0.050000000000000044,-0.05,0.029,0.0,0.0,0.0,,,56204,89356,59.6205,True,False,False,False,False,False,True,0.9267921507627411,0.2189995495810238,3.297428995548353,8.295182461917097,20.636298890900765,3.0662294101181433,xeon1,False,complete,True,,,,,,,,,,
case_1277,604,qlognehvi,2026-07-26T23:20:40,0.5718892926179711,0.31663773277160123,3.637204100479671,8.084723558905878,1.2278375200553153,0.3657924679702331,36.75749132061907,12.032053895211716,0.15156347310534923,1.756792668336165,41.1074282077721,2.0931924288683343,2.0800780801305025,8.116847535395081,2.5966129875914192,10.465962144341672,1.0046909163712072,10.307985145895541,0.3473147506721578,2.186911357914098,6.610685373932382,8.23454647189833,21.217611409855426,7.789838962774258,23.586061140048905,1.6238610979659476,7.618705021226951,4.220474085557367,23.205384689663383,2026-07-27T00:14:10,central_target_d10um_mobo_v1,complete,0.017,34,752,17,735,0,0,0,0,735,786,1000,0.0,0.0,10.0,5.0,0.017,0.022606382978723406,0.752,0.9567430025445293,0.735,0.0,0.735,0.034,0.786,0.214,0.28802949670345745,1.3499656671041619e-05,0.28448271000087205,0.44877030365046117,0.6327003784049694,1188.5562671793932,0.560313443099755,1.0,0.560313443099755,0.85,0.4762664266347917,404.8350323810033,736.7998006657672,0.006740363094614595,0.85,0.005729308630422406,0.16399999999999992,-0.05,0.017,0.0,0.0,0.0,,,51003,93887,51.9637,True,False,False,False,False,False,True,0.4205365959307712,0.13704963006079632,3.66013572187408,11.559379514993648,14.193039877068014,1.756792668336165,xeon4,False,complete,True,,,,,,,,,,
case_1278,604,qlognehvi,2026-07-26T23:20:40,0.7953759585715796,0.5233903463108225,2.6947784459121453,4.694367245160896,3.4498769326023138,0.4039842596265186,42.538992829805565,23.181711367331683,0.6533541908059082,3.1880655109824554,49.71543069070418,2.6707834597161866,2.1433619895554044,17.60421130155673,1.2575196330090448,13.353917298580933,2.535710661786663,18.612326363840033,2.300047240976734,3.6283493447495743,5.102851969933174,6.587914138359975,12.875512303405198,3.7725588990271346,8.593038908164038,1.4850621684268004,3.467966407354073,2.742581801435845,8.143620984528559,2026-07-27T00:14:10,central_target_d10um_mobo_v1,complete,0.099,470,511,99,412,19,19,0,0,412,1000,1000,0.0,0.0,10.0,5.0,0.099,0.19373776908023482,0.511,0.511,0.412,0.019,0.412,0.47,1.0,0.0,0.30721146382467696,6.048670327493152e-06,0.3561865225054957,0.5947125366548537,1.1111279184405718,459.89304338349285,0.5721764918585416,1.0,0.5721764918585416,1.0,0.5721764918585416,470.36977194165576,901.9240004966409,0.0055131411201621615,1.0,0.0055131411201621615,-0.050000000000000044,-0.031000000000000003,0.099,0.0,0.0,0.0,,,56027,86200,62.9387,True,False,False,False,False,False,True,1.7106386378870255,0.3879712174645191,3.357888091705289,6.415647738583168,22.133195141040268,3.1880655109824554,xeon6,False,complete,True,,,,,,,,,,
case_1288,605,qlognehvi,2026-07-26T23:23:01,0.9212288703451211,0.6792290924903854,2.301038027751686,8.552141435523787,3.521995341941688,0.3514343078831952,45.27375161652751,48.62547572947581,0.9183788503235509,1.0507851921658133,46.14524867293335,6.49036357765614,2.119782662926851,33.65437455601401,1.6908013774705466,32.4518178882807,0.9680136555542933,45.472819993636215,4.344266261255752,3.037549360398177,9.55548525440702,13.361842870701325,21.815849758054057,5.07240413241164,7.710788600186023,3.8063576162943047,3.3527489287724808,5.4971589937648515,5.40717151882839,2026-07-27T00:16:56,central_target_d10um_mobo_v1,complete,0.0,530,456,0,456,0,0,0,0,456,986,1000,0.0,0.0,10.0,5.0,0.0,0.0,0.456,0.46247464503042596,0.456,0.0,0.456,0.53,0.986,0.014,0.35752480760964933,3.102097072236841e-06,0.30471078877255975,0.4021071925943909,0.5079647266839316,897.7001276778312,0.6961412872696944,1.0,0.6961412872696944,0.0,0.0,469.75807907936525,759.6320001551926,0.00653909331415005,0.0,0.0,-0.03600000000000003,-0.05,0.0,0.0,0.0,0.0,,,31834,48933,57.918,True,False,False,False,False,False,True,0.5471132853299047,0.5885091803854076,7.04533236699871,10.372542114129834,36.532045010059264,1.0507851921658133,xeon1,False,complete,True,,,,,,,,,,
case_1285,605,qlognehvi,2026-07-26T23:23:01,0.8275137797087435,0.5632906334249188,1.8583942807635578,8.45150283205887,1.5031715526722296,0.2744888409524995,31.512926076458434,29.393952728928255,0.581240133090219,2.183531339359276,38.781338624565,3.3849398331992857,1.5378468754637638,9.032895210480095,1.4529254383505488,16.92469916599643,1.8069022717456897,21.272543665307676,2.1394392846701513,2.8663710136384983,6.0092244257962895,8.14856326956004,15.413190461312784,4.358776315051646,9.901371433722709,2.139338843763751,3.797651942479561,3.5922642821142996,9.226743390600278,2026-07-27T00:18:24,central_target_d10um_mobo_v1,complete,0.0,536,464,0,464,0,0,0,0,464,1000,1000,0.0,0.0,10.0,5.0,0.0,0.0,0.464,0.464,0.464,0.0,0.464,0.536,1.0,0.0,0.3312599153017241,3.7671678094245703e-06,0.27384837793671474,0.3371120847196383,0.3570249074777488,1299.6292143256653,0.710540444776144,1.0,0.710540444776144,0.0,0.0,429.7977031098081,668.3720000424315,0.007425316169494622,0.0,0.0,-0.050000000000000044,-0.05,0.0,0.0,0.0,0.0,,,44806,70468,47.0957,True,False,False,False,False,False,True,0.9905968346300348,0.42739120285741145,4.090493616179622,7.261781704603554,10.915703680075714,2.183531339359276,xeon5,False,complete,True,,,,,,,,,,
case_1286,605,qlognehvi,2026-07-26T23:23:01,0.8502991272963557,0.6836034972422014,1.8507264298965196,15.497636598032978,3.152820773001878,0.4104240498934697,21.361637226812974,14.679652770488591,0.02915763073783062,1.5547355501063462,37.97788338014344,4.724923430511215,1.5736710682053106,21.79163331178964,1.1101717026078435,23.624617152556073,1.3219902814320457,10.136447587463172,3.1710190257244992,2.004755471169185,6.911789435795074,7.75579001185703,13.306648524896246,3.3305151078235307,11.10369554349099,0.844000576061956,3.2217997937562584,1.9541722786697995,10.930382675268973,2026-07-27T00:21:05,central_target_d10um_mobo_v1,complete,0.0,514,441,0,441,0,0,0,0,441,955,1000,0.0,0.0,10.0,5.0,0.0,0.0,0.441,0.4617801047120419,0.441,0.0,0.441,0.514,0.955,0.045,0.43303664353741544,3.8648477928367385e-06,0.26245616541245054,0.39874835706108536,0.49951402441553067,882.8580949574008,0.6807580479886902,1.0,0.6807580479886902,0.0,0.0,506.36347955208504,821.3400001451512,0.006050778129004674,0.0,0.0,-0.0050000000000000044,-0.05,0.0,0.0,0.0,0.0,,,39968,63115,43.4051,True,False,False,False,False,False,True,0.7535432340671185,0.6126656073651648,5.556777937118159,8.12865639151256,25.628196727755284,1.5547355501063462,xeon1,False,complete,True,,,,,,,,,,
case_1287,605,qlognehvi,2026-07-26T23:23:01,0.5657695554192199,0.6240004823803498,1.9019793557420632,4.490294818284913,3.7401745296588014,0.3213635152929074,57.1036941732991,31.541520824446224,0.5261190579632564,1.5042460343467705,36.832619503793715,4.6848021410152025,1.0760820145147214,28.080070671541293,1.5584416798324698,23.424010705076014,0.851056610093497,21.333404643253516,1.1364321692133732,1.0859199808301256,7.507689935021002,9.953428739041955,17.745637138204305,4.67532503949741,11.006713894353627,2.445738804020953,3.9845985905053993,4.004180483853423,10.252526001180614,2026-07-27T00:22:31,central_target_d10um_mobo_v1,complete,0.002,447,510,2,508,20,20,0,0,508,977,1000,0.0,0.0,10.0,5.0,0.002,0.00392156862745098,0.51,0.5220061412487206,0.508,0.02,0.508,0.447,0.977,0.023,0.2604013138235293,7.876520332627448e-06,0.21278238435413366,0.29897218664931,0.2808092750793789,1816.1793261844134,0.6542641899833063,1.0,0.6542641899833063,0.1,0.06542641899833063,336.2814110153728,559.3735003338373,0.008859381237854732,0.1,0.0008859381237854733,-0.027000000000000024,-0.030000000000000002,0.002,0.0,0.0,0.0,,,40298,64272,53.5769,True,False,False,False,False,False,True,0.2747007775875225,0.5113645779275483,8.280406918579935,13.269872624125219,49.63163960056974,1.5042460343467705,xeon6,False,complete,True,,,,,,,,,,
case_1276,604,qlognehvi,2026-07-26T23:20:40,0.5474916049674133,0.6045212738858081,1.8811210726181211,7.8837001380073755,3.1635598367266065,0.2372565484932535,55.26497310455146,14.90014707091198,0.29658651761380805,2.8664380273862657,42.73420167053606,7.204770400812303,1.0298979951857172,37.70375544658155,3.0696064397552205,36.02385200406152,1.5693507561533329,11.453317555557286,1.0837032206003006,1.330821447674161,11.918142027493408,14.2860543037651,29.6340865025412,9.208819319265661,27.383458894946287,2.3679122762716927,8.899176630832892,5.437518716026913,26.838167062302713,2026-07-27T00:28:52,central_target_d10um_mobo_v1,complete,0.034,393,561,34,527,0,0,0,0,527,954,1000,0.0,0.0,10.0,5.0,0.034,0.06060606060606061,0.561,0.5880503144654088,0.527,0.0,0.527,0.393,0.954,0.046,0.23168913506595362,9.868692650714802e-06,0.24145764082492732,0.3866188677778368,0.4695868881543654,1194.6670875009286,0.5861101239539627,1.0,0.5861101239539627,1.0,0.5861101239539627,334.6365905243185,618.3080026053815,0.008021716357082483,1.0,0.008021716357082483,-0.0040000000000000036,-0.05,0.034,0.0,0.0,0.0,,,72434,132961,62.244,True,False,False,False,False,False,True,0.11075643035064577,0.44882673382449567,13.159599773664349,21.7686297275787,68.86636270674083,2.8664380273862657,xeon6,False,complete,True,,,,,,,,,,
case_1282,604,qlognehvi,2026-07-26T23:20:40,0.5287080022744648,0.6366704135626537,2.953858695382784,6.689568903506645,4.673591224656259,0.2341365637469205,48.3805922162766,33.312714626607786,0.2782675352791938,3.8696992452027814,42.687624673814014,5.130425279826873,1.5617287298368887,37.66078972066748,1.7105580618059189,25.652126399134364,2.045940957334167,16.487171639813358,1.1616726904391146,1.087562553449444,8.058212177817802,10.876570131958182,19.42936044098778,5.131674185417756,15.958088350681438,2.8183579541403803,4.2884657381885,4.528916015946299,15.301944436203515,2026-07-27T00:28:52,central_target_d10um_mobo_v1,complete,0.007,419,557,7,550,0,0,0,0,550,976,1000,0.0,0.0,10.0,5.0,0.007,0.012567324955116697,0.557,0.5706967213114754,0.55,0.0,0.55,0.419,0.976,0.024,0.2381339835008978,1.0299145004811487e-05,0.2604744174271031,0.42133681907996406,0.557710340827807,998.726326596791,0.5565084829584289,1.0,0.5565084829584289,0.35,0.1947779690354501,352.9231025847797,659.4708024576224,0.007524785109453898,0.35,0.0026336747883088643,-0.026000000000000023,-0.05,0.007,0.0,0.0,0.0,,,73042,117709,56.962,True,False,False,False,False,False,True,0.23414016652833278,0.5164745188817036,9.703702720133121,15.241328187112618,71.23173766739562,3.8696992452027814,xeon4,False,complete,True,,,,,,,,,,
case_1284,605,qlognehvi,2026-07-26T23:23:01,0.7647632174937231,0.6744216856445019,1.2241380431769189,12.415164289380762,2.5697795949558317,0.6168126164232857,29.575192267718318,21.720216699607157,0.3031848743722112,4.530663639722861,48.846428632838,5.267536632681351,0.9361757485564506,20.07113419167565,1.2080374266198186,26.33768316340675,3.4648849024962773,13.553392427685488,3.3087674769192157,2.0762599871087724,7.81044967088729,9.15164148910874,15.191828622207833,3.624112279859456,10.877807311304938,1.3411918182214502,3.366807734897249,2.5492292448412686,10.57488166170786,2026-07-27T00:31:39,central_target_d10um_mobo_v1,complete,0.001,487,479,1,478,0,0,0,0,478,966,1000,0.0,0.0,10.0,5.0,0.001,0.0020876826722338203,0.479,0.49585921325051757,0.478,0.0,0.478,0.487,0.966,0.034,0.3109706012734862,4.532053979235909e-06,0.30749929000325743,0.4533502005715603,0.6456802420506786,741.8532716421636,0.6278259529464739,1.0,0.6278259529464739,0.05,0.0313912976473237,437.33114253325317,764.3208013344946,0.00649923931775509,0.05,0.0003249619658877545,-0.016000000000000014,-0.05,0.001,0.0,0.0,0.0,,,75887,117243,59.4432,True,False,False,False,False,False,True,0.6326303106854775,0.6144383661962357,6.88780071032193,10.212899224525525,26.244900032525933,4.530663639722861,xeon4,False,complete,True,,,,,,,,,,
case_1289,605,qlognehvi,2026-07-26T23:23:01,0.6864538553006808,0.4686346385321898,4.381595379610307,5.791863984835656,2.2128587362927665,0.35311147462949843,43.37458438137105,31.968716676249606,0.7835953074235609,4.126272917805245,45.838544082301446,2.886172032339032,3.007763040701145,13.628294776094712,1.8231725374365748,14.430860161695161,2.8324959524502,27.21458329762692,1.234967766130076,2.8365340720544396,6.158682681627652,9.054552438424267,18.170415125607143,5.469517612309724,10.318809591535025,2.895869756796614,4.639995825756419,4.719042294233189,9.17651737924544,2026-07-27T00:40:24,central_target_d10um_mobo_v1,complete,0.003,329,580,3,577,0,0,0,0,577,909,1000,0.0,0.0,10.0,5.0,0.003,0.005172413793103448,0.58,0.6380638063806381,0.577,0.0,0.577,0.329,0.909,0.091,0.30910863056551696,9.097240617618621e-06,0.34354434550983715,0.5787616698586595,1.052323804684397,551.1611515563388,0.5425588302152942,1.0,0.5425588302152942,0.15,0.08138382453229412,462.1372771208048,887.8703005408344,0.0055999174762240075,0.15,0.0008399876214336011,0.040999999999999925,-0.05,0.003,0.0,0.0,0.0,,,68379,105990,58.2334,True,False,False,False,False,False,True,0.7865205445558068,0.3033199578956223,4.204466199807166,8.971735877177094,19.85318411552258,4.126272917805245,xeon5,False,complete,True,,,,,,,,,,
case_1291,606,qlognehvi,2026-07-27T00:11:43,0.5597319543110836,0.30029410337276674,3.2095585206333945,2.107349934873805,2.599975323773298,0.6157653476470929,55.10568497416561,52.304380727177644,0.5344463223508786,3.10157309654076,43.533490543102445,1.0754090633927924,1.7964924632299202,9.310995442066957,1.194337056768774,5.377045316963962,1.7360495707654386,32.609420698971476,0.3589002443535418,2.211997572007381,3.5811860816256034,6.416316358170125,12.388001642013993,3.5830111703063223,7.47707891869484,2.835130276544522,2.190891453623493,4.0294673333132955,6.2984206088631325,2026-07-27T00:41:52,central_target_d10um_mobo_v1,complete,0.011,61,751,11,740,65,65,0,0,740,877,1000,0.0,0.0,10.0,5.0,0.011,0.014647137150466045,0.751,0.8563283922462942,0.74,0.065,0.74,0.061,0.877,0.123,0.2542549386684422,1.3153246947309324e-05,0.26465115215432966,0.38874206136020895,0.4747587078816906,1581.8561882747993,0.5901394714697875,1.0,0.5901394714697875,0.55,0.32457670930838317,366.99564894820656,642.9970000553069,0.007716085104673706,0.55,0.004243846807570538,0.07299999999999995,0.015,0.011,0.0,0.0,0.0,,,54515,83394,58.8718,True,False,False,False,False,False,True,1.6463616693801373,0.13960113158505894,1.9212929601569786,6.398037585746407,16.634739843514748,3.10157309654076,xeon1,False,complete,True,,,,,,,,,,
case_1292,607,qlognehvi,2026-07-27T00:14:29,0.6805915401576479,0.5370760007315517,1.8567364292925719,5.0676743839246905,3.8335674353598996,0.3955378522592976,54.456463352211294,59.456220235524256,0.587214514665153,2.874637212918143,35.126141640613426,4.175122499384276,1.263679106079043,29.801394272834262,1.9663412565847544,20.87561249692138,1.9564537681344474,39.04141036277629,1.2112669104293032,1.8556687426463219,7.77380202000711,12.854283730716956,22.685990013640726,5.899023769754264,11.187530380756652,5.080481710709846,2.9978637432792965,7.046822967294601,8.689253252608212,2026-07-27T00:41:52,central_target_d10um_mobo_v1,complete,0.066,376,505,66,439,0,0,0,0,439,881,1000,0.0,0.0,10.0,5.0,0.066,0.1306930693069307,0.505,0.5732122587968218,0.439,0.0,0.439,0.376,0.881,0.119,0.23511202707699813,5.46997924651485e-06,0.26129218493770384,0.4237099744630777,0.5640105766487002,895.373280055605,0.6163095233926201,1.0,0.6163095233926201,1.0,0.6163095233926201,351.4986077009338,658.822001303076,0.007532139625057695,1.0,0.007532139625057695,0.06899999999999995,-0.05,0.066,0.0,0.0,0.0,,,56155,89427,49.0734,True,False,False,False,False,False,True,0.3686381564377781,0.3949436986767572,6.134549510293909,11.422125550086085,43.7874885514023,2.874637212918143,xeon4,False,complete,True,,,,,,,,,,
case_1295,609,qlognehvi,2026-07-27T00:18:36,0.6107351444331786,0.31830374816810675,1.503046580122446,3.867245319421301,3.363046417425812,0.11441721625724421,48.600234247332686,15.670341089571446,0.4818437929384073,1.0986333482739374,46.386388087838384,1.5906593420996076,0.9179633702008771,16.80615208768373,2.2456968090300515,7.953296710498038,0.6709739966371897,12.732218657853608,0.41400301198379347,2.847347704777265,4.997300067165805,6.817002181486766,18.04548622663702,6.737090427090155,18.445989401887637,1.8197021143209606,6.486684178987415,4.065398923351012,17.992416641701233,2026-07-27T00:41:52,central_target_d10um_mobo_v1,complete,0.003,196,780,3,777,0,0,0,0,777,976,1000,0.0,0.0,10.0,5.0,0.003,0.0038461538461538464,0.78,0.7991803278688525,0.777,0.0,0.777,0.196,0.976,0.024,0.2841208456025638,1.323241395610639e-05,0.2780301298855177,0.42737675520932894,0.5738146970018797,1359.323844571107,0.5883134030575087,1.0,0.5883134030575087,0.15,0.0882470104586263,397.5240976408483,711.4976010771395,0.0069783904265461605,0.15,0.001046758563981924,-0.026000000000000023,-0.05,0.003,0.0,0.0,0.0,,,37055,66946,60.8118,True,False,False,False,False,False,True,0.8680565465637653,0.12694219295585352,2.604499440712379,8.182434092283627,27.51790565987728,1.0986333482739374,xeon5,False,complete,True,,,,,,,,,,
case_1293,607,qlognehvi,2026-07-27T00:14:29,0.654150056644426,0.3267654521246129,1.2943194448495685,3.535351821137869,2.807357354042023,0.5556294571422407,50.837637450567485,32.41336838626073,0.662417652583542,2.825336314667168,17.149978259571643,1.6321078499578556,0.8466791381643273,14.022014706198428,1.6055127391215245,8.160539249789277,1.8481939102790819,24.847010872917004,0.2285258471843483,1.1547839843409533,4.99473808918896,7.576517115661382,15.604080811269004,4.816538217364574,9.96507371855622,2.581779026472421,4.066135445087955,4.187291765593946,9.042636887880052,2026-07-27T00:43:36,central_target_d10um_mobo_v1,complete,0.003,0,515,3,512,0,0,0,0,512,515,1000,0.0,0.0,10.0,5.0,0.003,0.005825242718446602,0.515,1.0,0.512,0.0,0.512,0.0,0.515,0.485,0.20525648799417479,6.072139639242714e-06,0.20418655360709476,0.3421273123294814,0.3677268690744017,1400.495974896522,0.6565943150130497,1.0,0.6565943150130497,0.15,0.09848914725195744,289.52093978591023,547.383800396953,0.009051677468468317,0.15,0.0013577516202702476,0.43499999999999994,-0.05,0.003,0.0,0.0,0.0,,,51824,80969,25.0303,True,False,False,False,False,False,True,0.455131083855712,0.16520221426631884,2.4950052872119746,7.635462289509411,21.435471209964785,2.825336314667168,xeon6,False,complete,True,,,,,,,,,,
case_1279,604,qlognehvi,2026-07-26T23:20:40,0.509840465515852,0.36926273420060785,4.322488247377947,9.90910822844686,2.1441136937372773,0.46796724032790005,52.389558261878456,11.656439197744708,0.8618434583821789,3.3477011620788155,42.987335550428234,4.9378662287653725,2.203779420229972,28.67158155522658,4.423292337869988,24.689331143826863,1.706793518882222,11.427591286784102,0.41713430140822216,1.689117329616411,13.372230044970632,16.05331254025828,38.16977422960822,13.269877013609964,35.85725140335221,2.681082495287647,12.996208393596813,7.104374833157635,35.1464128529954,2026-07-27T00:51:07,central_target_d10um_mobo_v1,complete,0.01,277,687,10,677,0,0,0,0,677,964,1000,0.0,0.0,10.0,5.0,0.01,0.01455604075691412,0.687,0.7126556016597511,0.677,0.0,0.677,0.277,0.964,0.036,0.24044203385880675,1.384787280384861e-05,0.2538471454005555,0.37348956675534856,0.43823475967866893,1567.6529185036247,0.5771800424411705,1.0,0.5771800424411705,0.5,0.28859002122058525,349.64374020699086,613.93160083735,0.008078437089390041,0.5,0.004039218544695021,-0.014000000000000012,-0.05,0.01,0.0,0.0,0.0,,,91329,180866,57.3513,True,False,False,False,False,False,True,0.09076034542330376,0.19804580576409944,9.685120273396274,26.228263445979575,56.23637881747368,3.3477011620788155,xeon1,False,complete,True,,,,,,,,,,
case_1297,611,qlognehvi,2026-07-27T00:22:44,0.8888834428188074,0.6341548813868816,2.2969396752532294,5.494260349803107,3.2125208253098716,0.4622695688069336,42.315985312297904,54.65602436454107,0.5436070184758496,3.4813255548822784,26.18391231880182,3.7358561680056916,2.041711646486204,18.92521226649488,1.083467755061681,18.679280840028458,3.0944926447968544,34.275328261793064,2.1303133010135715,1.769333684949628,5.891078469403978,8.54241236649358,13.959751141801984,3.2504032651850427,6.631744979575067,2.6513338970896014,1.880305813549821,3.7348016521512823,5.4800819421982325,2026-07-27T00:53:45,central_target_d10um_mobo_v1,complete,0.0,516,429,0,429,0,0,0,0,429,945,1000,0.0,0.0,10.0,5.0,0.0,0.0,0.429,0.45396825396825397,0.429,0.0,0.429,0.516,0.945,0.055,0.37034736307692295,7.224699638135206e-06,0.2992791699225564,0.5128522375967616,0.8262935869234678,519.185924699346,0.6341305677224984,1.0,0.6341305677224984,0.0,0.0,476.1566873832194,883.1996006357369,0.005629365287285881,0.0,0.0,0.0050000000000000044,-0.05,0.0,0.0,0.0,0.0,,,58969,89879,34.1296,True,False,False,False,False,False,True,0.8097707047854578,0.5462836273851571,4.202863939234404,6.627503883661419,21.290994246084356,3.4813255548822784,xeon6,False,complete,True,,,,,,,,,,
case_1298,612,qlognehvi,2026-07-27T00:29:11,0.8548248613553803,0.5773544312744721,2.2013641917521167,4.2073237355727295,3.2162851420071568,0.40635954767266347,48.1868149077201,54.9649105551671,0.4339909931497836,2.940694108463954,34.85540565764401,3.209098516996241,1.881780840007202,17.877018552829757,1.2072892084443332,16.045492584981204,2.513778433556283,29.514366188728157,2.2209248157434303,2.5800071725710962,5.558281608599359,8.523869056263102,14.560315098484766,3.6218676253329996,8.470407638398258,2.9655874476637423,2.0792345191667416,4.172876656108075,7.371221470933014,2026-07-27T00:55:10,central_target_d10um_mobo_v1,complete,0.002,546,454,2,452,0,0,0,0,452,1000,1000,0.0,0.0,10.0,5.0,0.002,0.004405286343612335,0.454,0.454,0.452,0.0,0.452,0.546,1.0,0.0,0.2922188563215861,3.1862048516960307e-06,0.28168286206728943,0.3884668437675253,0.474086716300009,957.6307126747297,0.6875497180855691,1.0,0.6875497180855691,0.1,0.06875497180855691,405.87817726809016,680.6857000948245,0.0072919706496847505,0.1,0.000729197064968475,-0.050000000000000044,-0.05,0.002,0.0,0.0,0.0,,,53743,83357,46.169,True,False,False,False,False,False,True,1.1441069770228103,0.4626028490195578,3.7541005907432394,6.502246085574001,20.91307747470585,2.940694108463954,xeon4,False,complete,True,,,,,,,,,,
case_1294,608,qlognehvi,2026-07-27T00:17:09,0.5111915116991119,0.6401482921187642,1.598652003279164,7.4875857614642705,3.314709433151849,0.49106588540667706,58.052731620094725,18.761669046797543,0.6822548873471787,1.176692935314562,44.49444399532588,8.013638487475818,0.8172173342370895,41.49489019237546,2.2747634381946407,40.06819243737909,0.6015154404091163,15.97769152849612,1.213355483555538,0.9783095297295188,12.518409540627312,14.713321822763856,26.08713901373706,6.824290314583922,16.237833341799615,2.1949122821365448,6.4616792222649115,4.469675720331185,15.610548696030552,2026-07-27T01:06:23,central_target_d10um_mobo_v1,cfd_failed,-2.0,0,0,0,0,0,0,0,0,0,0,1000,0.0,0.0,10.0,5.0,0.0,0.0,0.0,0.0,0.0,0.0,0.0,0.0,0.0,1.0,0.0,0.0,0.0,0.0,0.0,0.0,0.0,0.0,0.0,0.0,0.0,0.0,0.0,0.0,0.0,0.0,0.95,-0.05,0.0,0.0,0.0,0.0,,,45060,76370,1.06368e+87,True,False,False,True,False,False,False,0.10023685708914831,0.5536226915156418,15.67639192763564,24.488688200276037,81.17288578296936,1.176692935314562,xeon1,True,completed_with_runaway_velocity,True,10000.0,293.0,1347.0,85.98871409803544,8.22088e+85,2.89907e+85,2.35494e+85,True,False,False
case_1300,613,qlognehvi,2026-07-27T00:31:50,0.6357005212168552,0.5322940985987198,1.0335202433454738,4.831661924799651,3.86399889706101,0.3559745824019277,50.78895481607794,14.333795964215675,0.47884580281031863,4.055856996926727,49.03066258225223,3.490556982033671,0.6570093573828887,25.338451739767514,1.6871849199291362,17.452784910168354,2.5783104069273493,12.075220007700974,1.4462214442913293,2.2886359173982984,6.557572197818212,7.81066406558099,16.24658866522667,5.061554759787409,14.055151983330948,1.2530918677627778,4.90398790345912,2.9402767876919143,13.744164932300981,2026-07-27T01:10:16,central_target_d10um_mobo_v1,complete,0.093,371,627,93,534,0,0,0,0,534,998,1000,0.0,0.0,10.0,5.0,0.093,0.14832535885167464,0.627,0.6282565130260521,0.534,0.0,0.534,0.371,0.998,0.002,0.26432216835247213,1.222090939914513e-05,0.29820130032620495,0.4821152330381417,0.730216396085212,858.6495775244586,0.5686988386029124,1.0,0.5686988386029124,1.0,0.5686988386029124,398.4849110670851,746.4374015874946,0.006653914204213082,1.0,0.006653914204213082,-0.04800000000000004,-0.05,0.093,0.0,0.0,0.0,,,70123,111302,70.7918,True,False,False,False,False,False,True,0.6297152481811218,0.38722267123932874,5.490882680656077,10.31550546044187,39.85910172177421,4.055856996926727,xeon4,False,complete,True,,,,,,,,,,
case_1299,612,qlognehvi,2026-07-27T00:29:11,0.6812672201332521,0.42890347211163743,2.337550455179467,9.09782482784432,3.057175752296572,0.36603524409811394,24.361795753451045,37.57723459989931,0.22517312517124055,4.543238736964333,47.933899329676095,2.059127478262821,1.5924965005213336,14.677229275948028,1.470264729111134,10.295637391314106,3.0951596247333986,16.209652098439793,1.097866868144134,3.0956545777127684,4.8009111890025915,7.490747194852133,14.842070840407803,4.410794187333401,14.902589663913954,2.6898360058495423,3.4956955852375793,4.160100734960676,14.31016214324543,2026-07-27T01:11:42,central_target_d10um_mobo_v1,complete,0.001,366,594,1,593,40,40,0,0,593,1000,1000,0.0,0.0,10.0,5.0,0.001,0.0016835016835016834,0.594,0.594,0.593,0.04,0.593,0.366,1.0,0.0,0.3510320754713808,1.0200192010636712e-05,0.35062131126922474,0.5992883255888058,1.1282919971252952,526.4594639627114,0.5320091130831117,1.0,0.5320091130831117,0.05,0.026600455654155586,496.1439529309407,950.3204011059231,0.00523384614649888,0.05,0.00026169230732494403,-0.050000000000000044,-0.010000000000000002,0.001,0.0,0.0,0.0,,,75407,120203,57.178,True,False,False,False,False,False,True,1.3736689687599257,0.26180070432900726,3.022496044738608,7.047030955142036,21.544012161743584,4.543238736964333,xeon6,False,complete,True,,,,,,,,,,
case_1303,615,qlognehvi,2026-07-27T00:42:18,0.7760642213772457,0.5281139663324057,2.8129877689764076,10.70676397067465,3.5668856252839634,0.3916295766323693,29.332099615169827,42.40906948926818,0.9253015721677368,3.625462400027586,38.87657978503016,3.587113677698992,2.1830591626743914,24.227392246602136,1.7332056851442406,17.93556838849496,2.813591654609889,39.98816295091328,1.699887211226543,2.713626671057468,6.792309816402753,10.29903176061433,18.96506018633553,5.1996170554327215,8.153888014163728,3.5067219442115776,3.8391299442883953,5.239927629355818,6.247323281745264,2026-07-27T01:13:06,central_target_d10um_mobo_v1,complete,0.0,520,480,0,480,0,0,0,0,480,1000,1000,0.0,0.0,10.0,5.0,0.0,0.0,0.48,0.48,0.48,0.0,0.48,0.52,1.0,0.0,0.3030901975625,4.0905177940208345e-06,0.28792809339450787,0.42027370354224775,0.5548994660729193,865.0215567821851,0.6486998407489842,1.0,0.6486998407489842,0.0,0.0,418.0505410126915,723.3639008236951,0.006864700453091621,0.0,0.0,-0.050000000000000044,-0.05,0.0,0.0,0.0,0.0,,,63477,96673,47.2428,True,False,False,False,False,False,True,0.7008558514566265,0.3851550616052089,4.622186642405837,8.752252235451277,31.218282687490593,3.625462400027586,xeon1,False,complete,True,,,,,,,,,,
case_1302,615,qlognehvi,2026-07-27T00:42:18,0.7061750281080866,0.34648955635516143,2.798312512301136,12.842874890443108,2.9764993836151423,0.39191366771659997,27.537091843935816,50.96206092894451,0.5069699597841874,3.8509940984764808,42.89487512503121,2.564827716493093,1.976098417029465,22.033010742163462,2.725442282734034,12.824138582465466,2.7194758657357045,30.76653438182443,0.6715152370439487,3.3605842822832614,7.402323300804118,13.753114125265641,27.380325538935807,8.176326848202102,17.742921552208408,6.350790824461524,5.149735588607033,9.076233107195558,15.245761961662287,2026-07-27T01:20:38,central_target_d10um_mobo_v1,complete,0.003,350,650,3,647,0,0,0,0,647,1000,1000,0.0,0.0,10.0,5.0,0.003,0.004615384615384616,0.65,0.65,0.647,0.0,0.647,0.35,1.0,0.0,0.3567317857092306,9.283367673132458e-06,0.35810823852669216,0.5896024150399445,1.0921150203302652,595.1754054288479,0.5449817264857361,1.0,0.5449817264857361,0.15,0.0817472589728604,505.4691657481866,946.3342007992396,0.00525577656705643,0.15,0.0007883664850584644,-0.050000000000000044,-0.05,0.003,0.0,0.0,0.0,,,74275,125069,51.8731,True,False,False,False,False,False,True,0.5415497404758225,0.16654232709910807,3.6320000203979492,10.482278480783554,31.200495436934517,3.8509940984764808,xeon4,False,complete,True,,,,,,,,,,
case_1261,602,qlognehvi,2026-07-26T23:15:16,0.5503810904646207,0.40140037390585037,4.1033842004327585,2.832103622790617,3.8408874919371394,0.36294526025936735,58.04652218944811,46.21860335499398,0.43664590682495275,2.3105208480169717,36.4661498454838,2.043486713287541,2.2584250708294773,19.55355068714214,1.6672557100554202,10.217433566437705,1.271666983872821,25.81470490587462,0.47327262609959425,1.608906287447043,5.090893895796039,8.702094346508561,17.03837289678566,5.001767130166261,12.121503898827672,3.611200450712522,3.4607666389378684,5.278456160767942,10.911863146509189,2026-07-27T01:23:17,central_target_d10um_mobo_v1,complete,0.004,0,708,4,704,0,0,0,0,704,708,1000,0.0,0.0,10.0,5.0,0.004,0.005649717514124294,0.708,1.0,0.704,0.0,0.704,0.0,0.708,0.292,0.20323201234463278,1.2914556111615815e-05,0.15470979861337514,0.24844128765819065,0.19390875399208057,3651.2018432593063,0.6889905760501928,1.0,0.6889905760501928,0.2,0.13779811521003857,255.41803537617665,451.6733002199603,0.010948746067684952,0.2,0.0021897492135369906,0.242,-0.05,0.004,0.0,0.0,0.0,,,48487,78106,48.6668,True,False,False,False,False,False,True,0.6012659720271893,0.227296810576885,3.712857779257043,9.249761636066399,35.52729377136744,2.3105208480169717,xeon4,False,complete,True,,,,,,,,,,
case_1305,616,qlognehvi,2026-07-27T00:43:47,0.7786740779399772,0.37893630434770775,2.9814341409028544,6.03407249660563,2.7412051976623033,0.34406056161251974,32.67719105297188,50.9085268158215,0.31924169498076815,4.371530883965663,45.34675702856546,1.76170841453459,2.3215654806062984,12.744105558849832,1.5820675944795242,8.80854207267295,3.4039977802580963,23.059707439849063,1.0505642909896498,4.132168181643711,4.649088499364437,8.332807544076042,16.24314551647366,4.746202783438573,13.443755017159733,3.6837190447116046,2.9927670910294837,5.265786639191129,12.369561028263034,2026-07-27T01:24:42,central_target_d10um_mobo_v1,complete,0.011,372,569,11,558,59,59,0,0,558,1000,1000,0.0,0.0,10.0,5.0,0.011,0.019332161687170474,0.569,0.569,0.558,0.059,0.558,0.372,1.0,0.0,0.3596595066520212,7.607468862115988e-06,0.3937163838763735,0.6568104941285974,1.3552831499187676,419.8384669905359,0.5424468455400293,1.0,0.5424468455400293,0.55,0.29834576504701615,533.2612415277681,1016.4700007725056,0.004894906356739461,0.55,0.0026921984962067036,-0.050000000000000044,0.008999999999999994,0.011,0.0,0.0,0.0,,,73695,117507,55.4893,True,False,False,False,False,False,True,1.7957813399105795,0.2027047115661471,2.2624464643734914,5.970519156954399,16.36641814578575,4.371530883965663,xeon6,False,complete,True,,,,,,,,,,
case_1307,618,qlognehvi,2026-07-27T00:53:57,0.7435275722355572,0.5840002335450118,2.979818207442755,12.299684415670413,2.8722227543335954,0.3418002326664771,28.170105468007584,55.178642509350716,0.26941752777591077,3.3644493552233543,49.56714807348076,4.280897080598779,2.2155769974832213,21.05425528551331,1.6907169474596397,21.404485402993892,2.5015608609987066,22.171918173140938,2.351497620707291,2.8137269831502336,7.330300288773478,11.494213611255052,19.94779834855325,5.072150842378919,15.513600076578195,4.163913322481574,2.8962976384870456,5.854630269941214,14.366457174206,2026-07-27T01:29:48,central_target_d10um_mobo_v1,complete,0.001,488,510,1,509,0,0,0,0,509,998,1000,0.0,0.0,10.0,5.0,0.001,0.00196078431372549,0.51,0.5110220440881763,0.509,0.0,0.509,0.488,0.998,0.002,0.32516799419607834,5.863035628301374e-06,0.32919141317905004,0.5602492058576707,0.9860805029565379,517.1991520680929,0.5702874792132481,1.0,0.5702874792132481,0.05,0.028514373960662406,462.7107206394683,885.4172000814859,0.005615345255619982,0.05,0.00028076726278099907,-0.04800000000000004,-0.05,0.001,0.0,0.0,0.0,,,66218,108691,59.5248,True,False,False,False,False,False,True,0.6807283641473263,0.4552556376640682,5.75754987502003,9.858814336546438,28.316710868178948,3.3644493552233543,xeon6,False,complete,True,,,,,,,,,,
case_1309,620,qlognehvi,2026-07-27T01:06:35,0.6314468774331619,0.5086629315835156,3.2605752008441975,9.656921185623348,2.2578611705009375,0.46025045443872326,52.363080621561075,52.412699866331245,0.773805620260479,1.2907180299084615,47.89846766340193,6.691213489935717,2.058880029209073,29.701065645624737,3.409064247074574,33.456067449678585,0.8150198696323805,42.81918552698799,1.3121005399839343,2.287848748090891,13.154513675894053,21.258795506270566,38.30411674164343,10.227192741223721,16.939189394128285,8.104281830376513,6.238275994212528,11.513346077451086,12.424934584575881,2026-07-27T01:29:48,central_target_d10um_mobo_v1,complete,0.027,372,595,27,568,0,0,0,0,568,967,1000,0.0,0.0,10.0,5.0,0.027,0.0453781512605042,0.595,0.6153050672182007,0.568,0.0,0.568,0.372,0.967,0.033,0.3011487024067228,1.1694089945277304e-05,0.3247680959507351,0.536939299349997,0.9057331352253393,656.9263912951233,0.5404436392526342,1.0,0.5404436392526342,1.0,0.5404436392526342,442.90502056927556,838.0880018128703,0.005930579001537953,1.0,0.005930579001537953,-0.017000000000000015,-0.05,0.027,0.0,0.0,0.0,,,43618,75866,62.3773,True,False,False,False,False,False,True,0.1554734435368849,0.3644775064833253,10.596637229620281,20.83233625189072,47.03652311396309,1.2907180299084615,xeon1,False,complete,True,,,,,,,,,,
case_1301,614,qlognehvi,2026-07-27T00:40:35,0.6026179351195792,0.5902965496086241,2.8044901155941893,10.687904814712788,2.660962261128224,0.08361170211410873,48.40137141354398,52.37682550876548,0.4395888734153027,2.807630649523278,39.764742124941066,7.462101147722412,1.6900360425226402,33.637956305141934,3.9133579209742475,37.31050573861206,1.6919285845941605,28.62838098431508,1.087999807485123,1.633970600729351,12.64127522457975,21.939916031014427,41.506705635885666,11.740073762922743,27.5751668774136,9.298640806434678,7.166910848599612,13.211998727408925,24.203985579737758,2026-07-27T01:33:47,central_target_d10um_mobo_v1,complete,0.054,422,550,54,496,0,0,0,0,496,972,1000,0.0,0.0,10.0,5.0,0.054,0.09818181818181818,0.55,0.565843621399177,0.496,0.0,0.496,0.422,0.972,0.028,0.24734472252690914,9.373171505970916e-06,0.2682841665394362,0.4487762774765898,0.6327172229563037,869.266680350795,0.5731607877425509,1.0,0.5731607877425509,1.0,0.5731607877425509,364.9052012037235,696.1210000415,0.00713143665601807,1.0,0.00713143665601807,-0.02200000000000002,-0.05,0.054,0.0,0.0,0.0,,,77162,149197,52.9475,True,False,False,False,False,False,True,0.10365862227686634,0.3997103731185734,12.382806273832003,20.977263516180127,55.81970655829727,2.807630649523278,xeon5,False,complete,True,,,,,,,,,,
case_1312,623,qlognehvi,2026-07-27T01:13:18,0.6572467542511793,0.5697823448013281,3.5843262194474645,4.852030918645651,3.6076941410714465,0.10993939203887415,48.693914987618285,57.159972903776044,0.767719577233512,2.45380047217699,36.187745106565345,3.520693557072035,2.355786773909246,22.29199559137896,1.5859458303422418,17.603467785360174,1.6127523959183379,46.20563446003083,1.238967577919491,1.7076213040570374,6.179014827670085,10.17649259636828,18.10622174807949,4.757837491026725,7.735113291188981,3.997477768698196,2.5801529179068385,5.583423599040438,5.353256816294801,2026-07-27T01:36:27,central_target_d10um_mobo_v1,complete,0.049,315,495,49,446,0,0,0,0,446,810,1000,0.0,0.0,10.0,5.0,0.049,0.09898989898989899,0.495,0.6111111111111112,0.446,0.0,0.446,0.315,0.81,0.19,0.24253179469333325,5.153047139919194e-06,0.25861425648607567,0.4046004053690395,0.5142833921604012,962.50434594165,0.6189654963961582,1.0,0.6189654963961582,1.0,0.6189654963961582,354.5461960331387,647.1322001147284,0.007667157056683229,1.0,0.007667157056683229,0.1399999999999999,-0.05,0.049,0.0,0.0,0.0,,,48589,74367,47.5502,True,False,False,False,False,False,True,0.530276483408529,0.4204752096561261,5.356730230008158,9.401362255048364,33.917239525628226,2.45380047217699,xeon1,False,complete,True,,,,,,,,,,
case_1310,621,qlognehvi,2026-07-27T01:10:28,0.7745676282632523,0.6581208398648828,1.7325592421125031,9.237208188931866,4.331656801088155,0.42832815426032933,50.417430722939166,12.01762672353631,0.7352300888785342,2.568048815930398,48.11146918289573,7.862802067156108,1.3419843029886596,51.75183338184416,2.19167914588468,39.31401033578054,1.9891274806194619,11.483419875269307,3.075010266930524,2.365860707648843,11.94735311644348,13.31635877332421,24.274754502747612,6.57503743765404,17.885306735196163,1.3690056568807287,6.430936231839091,3.560684802765409,17.52728503640563,2026-07-27T01:43:58,central_target_d10um_mobo_v1,complete,0.039,490,493,39,454,0,0,0,0,454,983,1000,0.0,0.0,10.0,5.0,0.039,0.07910750507099391,0.493,0.5015259409969481,0.454,0.0,0.454,0.49,0.983,0.017,0.2839470427303451,5.5584418629208904e-06,0.31533574957031335,0.5008087572786434,0.787941004201682,625.6813611312089,0.6073247372650276,1.0,0.6073247372650276,1.0,0.6073247372650276,424.33778769192344,784.7558000465876,0.006331070945860797,1.0,0.006331070945860797,-0.03300000000000003,-0.05,0.039,0.0,0.0,0.0,,,59570,99623,64.5097,True,False,False,False,False,False,True,0.2638704518387257,0.5651687535502076,10.151214406915257,15.424544843465796,66.81383457488784,2.568048815930398,xeon4,False,complete,True,,,,,,,,,,
case_1311,622,qlognehvi,2026-07-27T01:11:53,0.7138331116421456,0.48111373270687774,2.14522811434961,3.768220811138494,4.318484837837345,0.7766390602387345,46.518588015679384,56.598281574036726,0.5632167920356579,3.7140982808706915,48.62334861599397,2.255119688311206,1.5313348600483947,20.241991694329375,1.0965300134426257,11.27559844155603,2.6512463327786695,36.24493466250327,1.6769983702430047,2.993243424459455,4.687290208124562,7.433543111531842,12.91619317874497,3.289590040327877,6.49954948171105,2.74625290340728,1.8109383269320494,3.8427829168499055,5.24186635838581,2026-07-27T01:46:37,central_target_d10um_mobo_v1,complete,0.003,397,548,3,545,40,40,0,0,545,985,1000,0.0,0.0,10.0,5.0,0.003,0.005474452554744526,0.548,0.5563451776649746,0.545,0.04,0.545,0.397,0.985,0.015,0.30260166228102187,9.319990606914243e-06,0.3448587729082335,0.5862866389833603,1.07986599841871,507.47037206695813,0.5490518171873864,1.0,0.5490518171873864,0.15,0.08235777257810796,458.7977107112376,888.8883012706391,0.005593540035027452,0.15,0.0008390310052541177,-0.03500000000000003,-0.010000000000000002,0.003,0.0,0.0,0.0,,,61619,93658,63.8026,True,False,False,False,False,False,True,1.7494128985726725,0.3590817015395765,3.15916935139558,6.566367028480412,28.356756452167723,3.714098280870692,xeon6,False,complete,True,,,,,,,,,,
case_1313,624,qlognehvi,2026-07-27T01:20:50,0.5816270527337157,0.5077310621034553,3.489910416782193,5.843402261093945,1.222389462147377,0.24103612597714585,43.80747987785477,17.208935801459464,0.5744980579376232,3.374140981735585,39.32218279510633,3.141186316019355,2.0298263100177203,7.562572664819966,1.7935169131089652,15.705931580096774,1.9624916747149144,14.141519617735465,0.8577989021105237,1.649626015815945,6.186712908613234,7.778586674715113,16.74617124025994,5.380550739326896,13.856506168705279,1.5918737661018787,5.139675492797948,3.385390679210844,13.436587853784896,2026-07-27T01:51:42,central_target_d10um_mobo_v1,complete,0.006,63,571,6,565,0,0,0,0,565,634,1000,0.0,0.0,10.0,5.0,0.006,0.010507880910683012,0.571,0.9006309148264984,0.565,0.0,0.565,0.063,0.634,0.366,0.2567937883537652,9.33851284492119e-06,0.28264705907265597,0.48048821165738875,0.7252961078576521,787.2646686145812,0.5476119892384318,1.0,0.5476119892384318,0.3,0.16428359677152954,381.8800987570676,737.2820000249424,0.006735984436955212,0.3,0.0020207953310865637,0.31599999999999995,-0.05,0.006,0.0,0.0,0.0,,,60819,97298,51.2336,True,False,False,False,False,False,True,0.46120814591145565,0.3421035246071839,5.400688123524188,10.636907068773631,13.00244311070983,3.374140981735585,xeon4,False,complete,True,,,,,,,,,,
case_1304,615,qlognehvi,2026-07-27T00:42:18,0.5636004892001942,0.5904072156862835,1.4708340490581882,9.463802656981391,3.683034482403291,0.42976247608748397,56.92731255284081,43.90925173929047,0.8778188505526852,3.2666767456581915,44.606586102923096,8.91289519398059,0.8289627895814973,55.59976142791528,3.3854675078772587,44.56447596990295,1.8411006119118551,39.7661803848856,1.2466290748256215,1.424179933126,15.09618269759852,22.13983237951755,39.06716991890384,10.156402523631776,16.304256645959544,7.043649681919031,7.317069863028222,10.42911718979629,12.532449857023625,2026-07-27T01:53:10,central_target_d10um_mobo_v1,complete,0.0,0,0,0,0,0,0,0,0,0,0,1000,0.0,0.0,10.0,5.0,0.0,0.0,0.0,0.0,0.0,0.0,0.0,0.0,0.0,1.0,0.0,0.0,0.0,0.0,0.0,0.0,0.0,0.0,0.0,0.0,0.0,0.0,0.0,0.0,0.0,0.0,0.95,-0.05,0.0,0.0,0.0,0.0,,,69364,112419,65.1592,True,False,False,False,False,False,True,0.08325273870837657,0.46676084703702725,15.814207696357547,26.78525478042349,98.65101697625731,3.2666767456581915,xeon5,False,complete,True,,,,,,,,,,
case_1306,617,qlognehvi,2026-07-27T00:51:19,0.648645977276001,0.525916702479018,2.7431994695513704,9.230677933465312,2.559681510237933,0.25980027452691046,52.54435214076182,35.82366186809562,0.2170784303942177,2.3334570097145417,49.00946376607844,6.677880037412127,1.7793653007901562,32.50181250904989,3.975395776070534,33.38940018706063,1.513587502497824,15.60575998535721,1.335915023251997,2.5509237995031366,12.69760022059491,19.677909126263398,39.55488800661607,11.9261873282116,40.72500649034743,6.980308905668486,9.670017154537016,10.95570468173902,39.22370059753875,2026-07-27T01:53:10,central_target_d10um_mobo_v1,complete,0.035,369,600,35,565,0,0,0,0,565,969,1000,0.0,0.0,10.0,5.0,0.035,0.058333333333333334,0.6,0.6191950464396285,0.565,0.0,0.565,0.369,0.969,0.031,0.29544185213333296,1.1693928517711662e-05,0.3277672096115717,0.5491083482538451,0.9472529481788379,633.4105384982367,0.5415517718869952,1.0,0.5415517718869952,1.0,0.5415517718869952,441.2677552521579,844.5502005929413,0.005885467387931005,1.0,0.005885467387931005,-0.019000000000000017,-0.05,0.035,0.0,0.0,0.0,,,87483,188174,65.0505,True,False,False,False,False,False,True,0.15892802433824701,0.34370219197950985,10.295107456699244,19.575547626023493,50.107167311114395,2.3334570097145417,xeon1,False,complete,True,,,,,,,,,,
case_1314,625,qlognehvi,2026-07-27T01:23:29,0.6808953572207816,0.45381546988593846,1.605417470587314,7.4111728588461805,4.840589939049908,0.6819699063452311,52.9082245909037,46.44117881389017,0.5774998195865121,3.0259861426488865,41.08706170921887,4.757414175180101,1.093121302124033,50.74461476171851,2.184895084570016,23.787070875900508,2.0603799155440488,31.0447741905414,1.276395056964981,2.314204336575319,10.483146765304905,15.233112882817801,26.15758830566788,6.554685253710048,13.447269520102207,4.749966117512896,4.51682639224527,6.934861202082912,11.521143938607615,2026-07-27T01:57:13,central_target_d10um_mobo_v1,complete,0.025,435,554,25,529,0,0,0,0,529,989,1000,0.0,0.0,10.0,5.0,0.025,0.04512635379061372,0.554,0.5601617795753286,0.529,0.0,0.529,0.435,0.989,0.011,0.2611447617021665,8.234636747263546e-06,0.30041765858304836,0.5040458392771431,0.7981599664985121,694.0964509036583,0.5746237528352945,1.0,0.5746237528352945,1.0,0.5746237528352945,398.05446388755814,765.1906010082578,0.0064918995290964236,1.0,0.0064918995290964236,-0.039000000000000035,-0.05,0.025,0.0,0.0,0.0,,,61640,99482,57.5117,True,False,False,False,False,False,True,0.2991865501601428,0.3554824465411794,6.986997524257609,15.396120202807793,74.52630455411443,3.0259861426488865,xeon4,False,complete,True,,,,,,,,,,
case_1308,619,qlognehvi,2026-07-27T00:55:23,0.7097250450187734,0.6621113364437905,1.0031204052533806,8.319919399818913,4.62630181976892,0.43003240523662145,54.140347122432,42.6014155060827,0.019411041234636328,4.671085357122339,39.40797053123207,8.091198643428783,0.7119396747777058,56.534792485590046,2.213518330446713,40.45599321714391,3.3151862653701856,10.632827420696083,2.136243077697029,1.6054266898537406,12.220299212647115,16.71525207179352,27.782843724027085,6.64055499134014,36.35742209567809,4.494952859146404,4.88798213857866,6.7084711895931175,35.7331576514265,2026-07-27T01:59:54,central_target_d10um_mobo_v1,complete,0.03,457,502,30,472,0,0,0,0,472,959,1000,0.0,0.0,10.0,5.0,0.03,0.05976095617529881,0.502,0.5234619395203337,0.472,0.0,0.472,0.457,0.959,0.041,0.24386503869621542,5.923608717111558e-06,0.2756450792951545,0.42562896410485945,0.5691309725151759,882.0465310146412,0.6251134353826805,1.0,0.6251134353826805,1.0,0.6251134353826805,368.03582281216546,669.4940022371637,0.0074129643605665655,1.0,0.0074129643605665655,-0.009000000000000008,-0.05,0.03,0.0,0.0,0.0,,,102208,186356,58.4599,True,False,False,False,False,False,True,0.1731106624898246,0.5709330888106077,11.400469379257649,17.21835702208292,79.65731642469318,4.671085357122339,xeon4,False,complete,True,,,,,,,,,,
case_1316,627,qlognehvi,2026-07-27T01:30:07,0.8726561619720885,0.595450347132648,2.661588122128261,4.184228830275021,4.340388443240794,0.2326830959907269,46.07059012828336,29.646673443200413,0.7335363298393595,3.5768669726851225,34.43429722056639,3.1060170587899116,2.3226512754069466,22.640545280389723,1.0845825496540038,15.530085293949558,3.1213750042681223,24.411548731077644,2.4100715374936184,2.5327925182682094,5.216248632227242,6.8257148995014685,12.248627647771487,3.2537476489620114,6.518575266762941,1.6094662672742261,2.827806941365019,2.69404881692823,5.935817086169448,2026-07-27T02:01:22,central_target_d10um_mobo_v1,complete,0.003,555,445,3,442,0,0,0,0,442,1000,1000,0.0,0.0,10.0,5.0,0.003,0.006741573033707865,0.445,0.445,0.442,0.0,0.442,0.555,1.0,0.0,0.29829636273707855,3.437051385442476e-06,0.2818289706702578,0.4199200373890221,0.5539659478216267,803.2984730377092,0.6751293752766154,1.0,0.6751293752766154,0.15,0.10126940629149231,410.37578966484017,718.2164001308895,0.0069135600341683175,0.15,0.0010370340051252475,-0.050000000000000044,-0.05,0.003,0.0,0.0,0.0,,,60807,92250,44.8174,True,False,False,False,False,False,True,1.325321176928331,0.4875860453180443,3.5592678928327515,5.9774386058756575,25.94440544512407,3.5768669726851225,xeon6,False,complete,True,,,,,,,,,,
case_1319,629,qlognehvi,2026-07-27T01:36:39,0.7051474530653352,0.5071635706144499,2.2986440446843854,7.800707787011295,3.0944708851833327,0.6370032604795088,40.8311065343879,23.358808870147133,0.6390258835189897,2.256029090681823,44.43066156051688,3.77630536316096,1.620882993612995,23.041219198188045,1.6060689563121402,18.8815268158048,1.5908331673355915,18.536624641007087,1.6681984237406768,2.496118617025165,7.44593180970354,9.356292991309775,17.386637772870476,4.818206868936421,11.061059782674999,1.9103611816062362,4.423306182899634,3.5164301379183764,10.487219011780466,2026-07-27T02:01:22,central_target_d10um_mobo_v1,complete,0.003,458,517,3,514,20,20,0,0,514,995,1000,0.0,0.0,10.0,5.0,0.003,0.005802707930367505,0.517,0.5195979899497487,0.514,0.02,0.514,0.458,0.995,0.005,0.29062972943907145,6.732348847154731e-06,0.31047914340248534,0.528201071835601,0.8764929535590564,589.8507203060652,0.5717341358331566,1.0,0.5717341358331566,0.15,0.08576012037497348,425.2798351286992,818.83080113934,0.006069207406527055,0.15,0.0009103811109790582,-0.04500000000000004,-0.030000000000000002,0.003,0.0,0.0,0.0,,,46878,74322,56.6713,True,False,False,False,False,False,True,0.6206008594247041,0.4005935204765018,5.355341420783757,10.55939687130039,32.67574618333503,2.256029090681823,xeon1,False,complete,True,,,,,,,,,,
case_1318,628,qlognehvi,2026-07-27T01:33:59,0.6426573859886102,0.5957629480977165,1.8424439158830075,4.553108734086562,2.364965593707371,0.7654806046539115,55.396229915531364,22.18886279300034,0.8777935047972715,3.572101568558218,41.549739933889185,4.314417079588562,1.1840601908119925,17.126691048361113,1.2174975333673226,21.57208539794281,2.2956374565354385,20.69930459056083,1.731894253901902,1.5027642657468347,7.24183518522692,8.621238492141002,14.708726158977615,3.6524926001019677,7.347012953366098,1.3794033069140823,3.382003653261499,2.596900840281405,6.872750931226517,2026-07-27T02:07:49,central_target_d10um_mobo_v1,complete,0.013,474,513,13,500,0,0,0,0,500,987,1000,0.0,0.0,10.0,5.0,0.013,0.025341130604288498,0.513,0.5197568389057751,0.5,0.0,0.5,0.474,0.987,0.013,0.2402281835906433,7.213687152904478e-06,0.2654472082595351,0.4115562170840983,0.5321183135442267,964.0713107262044,0.6096083223698324,1.0,0.6096083223698324,0.65,0.3962454095403911,358.010894549423,651.7844005934458,0.00761284828854368,0.65,0.004948351387553392,-0.03700000000000003,-0.05,0.013,0.0,0.0,0.0,,,60074,91319,58.7264,True,False,False,False,False,False,True,0.49360095941242477,0.5354179562948037,6.713401531908989,11.26857847293965,26.64980037849382,3.572101568558218,xeon5,False,complete,True,,,,,,,,,,
case_1321,631,qlognehvi,2026-07-27T01:46:49,0.7324837232076853,0.5444627466861713,3.4297131487149723,5.1094984549744655,4.758787419877937,0.3033091202136696,51.71466628761929,27.183879669672216,0.7492078285370515,2.2806228842353358,38.756165281213875,3.9232008607897897,2.5122090567050965,34.290094254588105,1.893461495744482,19.616004303948948,1.6705191414773486,22.874297173157107,1.5431722535635677,2.3763928231733598,7.205636904761686,9.800707317612925,19.268014796335336,5.680384487233446,11.547231079358438,2.5950704128512387,5.052957299952818,4.4885319085957205,10.639155366175434,2026-07-27T02:11:43,central_target_d10um_mobo_v1,complete,0.057,502,495,57,438,0,0,0,0,438,997,1000,0.0,0.0,10.0,5.0,0.057,0.11515151515151516,0.495,0.49648946840521563,0.438,0.0,0.438,0.502,0.997,0.003,0.26083214968929286,4.581965533528475e-06,0.2896251062586798,0.460670650335396,0.6667007758530732,742.4620128372065,0.6139052409727747,1.0,0.6139052409727747,1.0,0.6139052409727747,389.7641755060151,721.502800060601,0.00688228593142783,1.0,0.00688228593142783,-0.04700000000000004,-0.05,0.057,0.0,0.0,0.0,,,48456,77180,51.0381,True,False,False,False,False,False,True,0.5319027006369647,0.39371007327381136,5.356024627563529,9.837265561624816,46.813455600658635,2.2806228842353358,xeon6,False,complete,True,,,,,,,,,,
case_1320,630,qlognehvi,2026-07-27T01:44:10,0.7809710183405045,0.5141591735989317,1.661420671956722,4.332147249178599,4.1971937432762525,0.35761424706309985,57.129398660680536,15.979952352353408,0.5769700088260207,2.9369130072794523,37.980693088546545,3.8484768642908977,1.2975213940700066,31.415958024985297,2.051273461881581,19.242384321454487,2.2936439420725074,13.450253161516528,1.565490096112426,2.8010137191299247,7.484991150411507,9.17914403133168,19.435511340739588,6.153820385644743,16.10236425425744,1.6941528809201722,5.916024962324508,3.7454263428017533,15.660712502547083,2026-07-27T02:14:23,central_target_d10um_mobo_v1,complete,0.068,484,503,68,435,0,0,0,0,435,987,1000,0.0,0.0,10.0,5.0,0.068,0.13518886679920478,0.503,0.5096251266464032,0.435,0.0,0.435,0.484,0.987,0.013,0.25740355282107363,4.620256170934396e-06,0.29367428524183564,0.4693196484945568,0.6919701272987692,726.9099924350082,0.6246315669278929,1.0,0.6246315669278929,1.0,0.6246315669278929,390.5139880190734,726.7232010840289,0.006833184997540914,1.0,0.006833184997540914,-0.03700000000000003,-0.05,0.068,0.0,0.0,0.0,,,58127,95846,54.0071,True,False,False,False,False,False,True,0.5607527876081843,0.35852255313454656,4.927810090147233,9.58421116101909,40.226791119267745,2.9369130072794523,xeon4,False,complete,True,,,,,,,,,,
case_1315,626,qlognehvi,2026-07-27T01:24:54,0.7162927519576108,0.5545434318243647,1.758264223277894,4.141191782137014,3.641015532963605,0.9586180170650184,57.160460367836755,19.079648544928723,0.6063579262078664,2.983780782482758,48.27659445204747,3.95524563992035,1.2594319191603336,25.969310941541718,1.0487144790941363,19.77622819960175,2.137260547922808,15.505516862399253,2.475629820468275,2.193316304811088,7.132436186121951,8.160854576937778,13.404426972408459,3.146143437282409,7.76988686017973,1.028418390815827,2.973310300218757,2.0771328699099634,7.48709962941146,2026-07-27T02:20:42,central_target_d10um_mobo_v1,complete,0.016,465,515,16,499,20,20,0,0,499,1000,1000,0.0,0.0,10.0,5.0,0.016,0.031067961165048542,0.515,0.515,0.499,0.02,0.499,0.465,1.0,0.0,0.27331590502524244,7.782537787398062e-06,0.31176432087463224,0.5021674960746988,0.7922223124679499,650.0700521746978,0.5878671488170019,1.0,0.5878671488170019,0.8,0.4702937190536015,414.6065312688116,775.4834009932864,0.006406286147324495,0.8,0.005125028917859597,-0.050000000000000044,-0.030000000000000002,0.016,0.0,0.0,0.0,,,54352,82951,67.9626,True,False,False,False,False,False,True,0.8395327864326423,0.5302331091516177,5.521828371305949,9.957431743695821,36.25516364722136,2.983780782482758,xeon6,False,complete,True,,,,,,,,,,
case_1323,633,qlognehvi,2026-07-27T01:53:31,0.6988914338225456,0.6837242095183576,4.887760186734379,11.029188636774407,3.6295417691547005,0.2450366154591188,47.6888095373093,10.483128807784688,0.4397692244772081,1.3054620655210423,47.85198914923182,8.761964520965822,3.4160137250875433,46.51278361358528,2.5500094300029885,43.80982260482911,0.9123762547729432,10.21246518112207,2.493899587460985,1.9118575508151143,12.815056712907822,14.206948687234059,26.956995837249004,7.650028290008965,22.233089873257274,1.391891974326237,7.522338038784465,3.9419014043292258,21.880852328711565,2026-07-27T02:22:08,central_target_d10um_mobo_v1,complete,0.001,467,507,1,506,0,0,0,0,506,974,1000,0.0,0.0,10.0,5.0,0.001,0.0019723865877712033,0.507,0.5205338809034907,0.506,0.0,0.506,0.467,0.974,0.026,0.2833557687771203,6.805185338765285e-06,0.3108565450627953,0.5068606327049937,0.8070993460685956,628.1754563048672,0.5796311308304799,1.0,0.5796311308304799,0.05,0.028981556541523998,420.62130634807494,790.2164013030903,0.006287596674070975,0.05,0.00031437983370354874,-0.02400000000000002,-0.05,0.001,0.0,0.0,0.0,,,49877,90474,60.4142,True,False,False,False,False,False,True,0.17233554412160923,0.5660547118665754,12.536946508333594,18.336262390306636,66.55223023579835,1.3054620655210423,xeon5,False,complete,True,,,,,,,,,,
case_1328,636,qlognehvi,2026-07-27T02:01:42,0.5574442091496578,0.547325245637764,3.419694080743735,6.142662862678309,3.692317499203443,0.26481732859220264,47.54215374308172,35.877342595478126,0.509306464744653,1.9200976312051097,46.717913893725104,3.979543803890424,1.9062886623739572,26.846448876717808,1.9493782322754813,19.89771901945212,1.0703473055172636,23.17949787428919,1.073107282492487,1.663341862601118,7.270893925700997,10.698204861157015,20.445096022534422,5.848134696826444,13.659836684330491,3.4273109354560183,4.738588311293661,5.3766891677315,12.557163367424181,2026-07-27T02:27:16,central_target_d10um_mobo_v1,complete,0.08,293,606,80,526,0,0,0,0,526,899,1000,0.0,0.0,10.0,5.0,0.08,0.132013201320132,0.606,0.6740823136818688,0.526,0.0,0.526,0.293,0.899,0.101,0.2653426557277227,1.2729883428891098e-05,0.28427898710946065,0.47907934525747264,0.7210489809286244,840.4422113176623,0.5378017766981708,1.0,0.5378017766981708,1.0,0.5378017766981708,388.8717881547486,744.4220010458123,0.006671808397701883,1.0,0.006671808397701883,0.050999999999999934,-0.05,0.08,0.0,0.0,0.0,,,46610,76587,60.8304,True,False,False,False,False,False,True,0.3594805853271752,0.392153197663675,7.138909577984387,13.043267481049337,48.159884767069684,1.92009763120511,xeon1,False,complete,True,,,,,,,,,,
case_1329,637,qlognehvi,2026-07-27T02:08:02,0.6865134387883699,0.5818422815512504,4.131729609634739,12.442768223930582,2.4942260026380496,0.9165044765532433,51.48166860999885,37.62658201018922,0.26370255448177826,1.202814547806879,47.90128907801276,9.495054087509878,2.836487902454074,40.703145083202045,1.402773568896956,47.47527043754939,0.8257483514395787,17.285200247687236,2.8637013154633926,1.3917576818893678,16.318948258959633,18.88818139478239,25.90204923926717,4.208320706690868,13.367987622760413,2.5692331358227563,3.333017291307306,3.9720067047197123,12.764256963095708,2026-07-27T02:29:57,central_target_d10um_mobo_v1,complete,0.031,465,486,31,455,14,14,0,0,455,965,1000,0.0,0.0,10.0,5.0,0.031,0.06378600823045268,0.486,0.5036269430051813,0.455,0.014,0.455,0.465,0.965,0.035,0.28341854041028774,6.347699767905353e-06,0.2937761226563816,0.43158346169611544,0.5851665075273665,830.532837659495,0.6140017367822905,1.0,0.6140017367822905,1.0,0.6140017367822905,408.2039678048325,715.0020016739272,0.006944425138229529,1.0,0.006944425138229529,-0.015000000000000013,-0.036000000000000004,0.031,0.0,0.0,0.0,,,41134,67458,61.3245,True,False,False,False,False,False,True,0.16851234023430284,0.6729476931266043,13.830834985936669,23.770763013410203,59.28965521059453,1.202814547806879,xeon5,False,complete,True,,,,,,,,,,
case_1325,634,qlognehvi,2026-07-27T01:57:26,0.7725855136881798,0.6582821666587855,1.217978046469078,6.274517796912975,1.3812952914093983,0.14952156414190065,48.6535436616825,18.720102568815047,0.41236695087040387,3.633875932859649,49.52251985808954,5.202437420058394,0.9409921946922384,10.916446891844128,1.5958565924696182,26.01218710029197,2.8074799042674856,13.595882107579438,3.031655744930139,2.5401629891915176,7.9030508246398075,9.439598868339953,17.418881830688044,4.787569777408855,13.32528422319776,1.5365480437001453,4.534296470562984,3.1324046361697633,12.951881748391052,2026-07-27T02:31:25,central_target_d10um_mobo_v1,complete,0.002,473,513,2,511,0,0,0,0,511,986,1000,0.0,0.0,10.0,5.0,0.002,0.003898635477582846,0.513,0.5202839756592292,0.511,0.0,0.511,0.473,0.986,0.014,0.28797466132553606,6.70504517181286e-06,0.335809889513431,0.5568495404816245,0.9741494819785671,526.6132246542496,0.581138214510703,1.0,0.581138214510703,0.1,0.0581138214510703,442.37731350684965,844.8242015388885,0.005883569791194276,0.1,0.0005883569791194276,-0.03600000000000003,-0.05,0.002,0.0,0.0,0.0,,,64991,103017,67.1981,True,False,False,False,False,False,True,0.5942443092584272,0.5441052355785315,6.7338014082388415,10.22935414218694,14.129758710762044,3.633875932859649,xeon4,False,complete,True,,,,,,,,,,
case_1324,633,qlognehvi,2026-07-27T01:53:31,0.7446526082810154,0.4982292413823471,3.4038782026890253,8.161648549804415,2.646500383074414,0.04768910256047054,51.074993519515935,29.67764052067015,0.7228181559513468,2.5778624578667255,40.75600537180879,5.406019573410188,2.5347067819032776,28.715763113868412,4.280184115376184,27.03009786705094,1.9196120030401664,24.223355834624297,1.1995098548045728,3.060397596845571,10.850466260091595,17.20807604706348,38.60899662394439,12.840552346128554,25.927195680343775,6.357609786971885,11.156190315258467,10.637793902348069,23.644382350528915,2026-07-27T02:34:08,central_target_d10um_mobo_v1,complete,0.004,458,536,4,532,0,0,0,0,532,994,1000,0.0,0.0,10.0,5.0,0.004,0.007462686567164179,0.536,0.5392354124748491,0.532,0.0,0.532,0.458,0.994,0.006,0.2787306546828358,6.095405207379482e-06,0.3196426026723475,0.550208845979901,0.9510536346324464,563.5854598328178,0.5750828444468985,1.0,0.5750828444468985,0.2,0.11501656888937971,424.10160497247415,828.9395006089306,0.005995638767979058,0.2,0.0011991277535958118,-0.04400000000000004,-0.05,0.004,0.0,0.0,0.0,,,67769,127660,53.5513,True,False,False,False,False,False,True,0.2177446382169672,0.28158120062911773,7.2597873334381395,14.571178747549448,38.562630137235374,2.5778624578667255,xeon1,False,complete,True,,,,,,,,,,
case_1330,638,qlognehvi,2026-07-27T02:11:56,0.694323667161764,0.5419804880437775,3.5925225940370153,8.2190288599547,1.2832502694905112,0.31755283862303596,54.45889760963006,55.585158529715855,0.8616164264822681,1.8826534222077544,48.77859369144213,6.611896424973793,2.4943734618532734,15.65502459288835,3.4483567523713052,33.059482124868964,1.3071708281019327,49.27692139300146,1.6710471957549216,2.761509881384203,12.199510076162978,20.73385295206659,37.975636713923116,10.345070257113916,15.810988899285258,8.534342875903615,5.8468342118736505,11.98269962827492,10.315148064466246,2026-07-27T02:38:01,central_target_d10um_mobo_v1,complete,0.01,405,556,10,546,0,0,0,0,546,961,1000,0.0,0.0,10.0,5.0,0.01,0.017985611510791366,0.556,0.578563995837669,0.546,0.0,0.546,0.405,0.961,0.039,0.29525524864748187,9.128588429073914e-06,0.3344049569027395,0.5658907525405759,1.0060395787582876,552.662153397829,0.5509567707737878,1.0,0.5509567707737878,0.5,0.2754783853868939,446.0967800134188,861.1460011973595,0.005772698821085595,0.5,0.0028863494105427975,-0.01100000000000001,-0.05,0.01,0.0,0.0,0.0,,,46770,77941,63.8802,True,False,False,False,False,False,True,0.20278485163809665,0.37699394879162035,9.522787048296525,17.570350332477904,22.547156799194966,1.8826534222077544,xeon6,False,complete,True,,,,,,,,,,
case_1332,640,qlognehvi,2026-07-27T02:20:54,0.713404784806017,0.47491535877826685,1.2213820751210367,3.4612397000203936,4.245247774865591,0.3106481252403911,55.70607507014617,22.845738348770325,0.8814904101724597,1.641121494758199,44.84105259969928,2.7490704836630964,0.8713398164676497,24.57382170949806,1.716565968345822,13.745352418315482,1.1707839268085019,21.323395166025648,1.3278368779943703,2.9739506629690284,5.788548280971914,7.787925559140314,16.370755400869424,5.149697905037466,10.218976929956307,1.9993772781683998,4.745722180310515,3.7159432465142217,9.519414650264196,2026-07-27T02:41:57,central_target_d10um_mobo_v1,complete,0.002,390,610,2,608,0,0,0,0,608,1000,1000,0.0,0.0,10.0,5.0,0.002,0.003278688524590164,0.61,0.61,0.608,0.0,0.608,0.39,1.0,0.0,0.3078392848622952,1.1253161441475403e-05,0.3220366170496561,0.5498680154872998,0.9498757267041434,642.1892705023253,0.5647274164696438,1.0,0.5647274164696438,0.1,0.05647274164696438,445.5026466273233,857.7073005330798,0.005795708459764308,0.1,0.0005795708459764309,-0.050000000000000044,-0.05,0.002,0.0,0.0,0.0,,,38188,60535,62.986,True,False,False,False,False,False,True,0.932120057421329,0.308670957212591,3.8534511433233525,8.113974568513564,34.4458324822982,1.641121494758199,xeon5,False,complete,True,,,,,,,,,,
case_1335,643,qlognehvi,2026-07-27T02:30:10,0.7566580521305014,0.5391342528904537,3.910608189423733,7.460040196220446,4.809419788600175,0.11769443739206997,38.76088446800636,14.1214706329242,0.41732694293034966,0.6693732294302667,45.9022873544827,3.6371634112760485,2.9589931752549488,32.445806570034165,1.9786006566074243,18.18581705638024,0.5064866439290088,11.72000073961547,1.8198277749151113,3.133929995763078,6.746303711508164,8.194511404100627,18.087514687137748,5.935801969822273,16.870099849951355,1.4482076925924627,5.756425931431932,3.426808349199887,16.51839137098957,2026-07-27T02:49:33,central_target_d10um_mobo_v1,complete,0.001,393,607,1,606,0,0,0,0,606,1000,1000,0.0,0.0,10.0,5.0,0.001,0.0016474464579901153,0.607,0.607,0.606,0.0,0.606,0.393,1.0,0.0,0.3821385551235583,1.2358077055624379e-05,0.3588669348468994,0.5985262466344511,1.1254242593755988,539.3521553700754,0.5583432842456055,1.0,0.5583432842456055,0.05,0.027917164212280278,524.2283399350438,980.6648017289083,0.005072718424387008,0.05,0.0002536359212193504,-0.050000000000000044,-0.05,0.001,0.0,0.0,0.0,,,32962,58550,65.9487,True,False,False,False,False,False,True,0.7297994620403196,0.36736309265803474,4.806878617144147,8.915921389474123,42.88040876414041,0.6693732294302667,xeon5,False,complete,True,,,,,,,,,,
case_1327,636,qlognehvi,2026-07-27T02:01:42,0.6682735155721683,0.6870108908068335,1.1367070068579466,9.43588750942467,2.049801919803566,0.37246097776632214,59.20205620841455,55.414317760147085,0.2047552042697447,4.419820322106219,35.4849670919684,11.334589899850421,0.7596311876484768,33.818480096601704,2.9854229003807644,56.672949499252105,2.9536488648512362,19.29881790975001,1.7598287199790354,1.2273006344200226,16.49841371006353,23.871914865457185,38.79902936736101,8.956268701142292,31.343670978684543,7.373501155393655,5.083918740348775,10.35892405577442,29.5824002208531,2026-07-27T02:55:54,central_target_d10um_mobo_v1,cfd_failed,-2.0,0,0,0,0,0,0,0,0,0,0,1000,0.0,0.0,10.0,5.0,0.0,0.0,0.0,0.0,0.0,0.0,0.0,0.0,0.0,1.0,0.0,0.0,0.0,0.0,0.0,0.0,0.0,0.0,0.0,0.0,0.0,0.0,0.0,0.0,0.0,0.0,0.95,-0.05,0.0,0.0,0.0,0.0,,,100213,187076,,True,True,False,False,False,False,False,0.07267041747206057,0.5891370982603706,16.961004193239457,24.688115458141077,50.605746462429686,4.419820322106219,xeon6,True,simpleFoam_SIGFPE,True,4753.0,156.0,600.0,97.58185184865502,2.75235e+97,1.38009e+97,3.68224e+97,False,True,False
case_1331,639,qlognehvi,2026-07-27T02:14:35,0.737998323923274,0.5258970589203472,1.4775618237495904,12.938206404186634,4.538719265874752,0.4323847433793886,43.83961699004948,18.524654536928267,0.2851801251187147,3.793169402519,38.942360585430116,6.922107738716224,1.0904381494202138,59.740786188596196,3.406898066560956,34.61053869358112,2.799352661416069,12.431062047435022,1.5203982539995249,2.477522191512543,13.162476612679919,16.4097208951064,33.44421122791118,10.220694199682868,30.911430245123515,3.2472442824264798,9.691129680985574,6.654142348987436,30.18673399688262,2026-07-27T03:09:35,central_target_d10um_mobo_v1,complete,0.1,457,508,100,408,0,0,0,0,408,965,1000,0.0,0.0,10.0,5.0,0.1,0.1968503937007874,0.508,0.5264248704663212,0.408,0.0,0.408,0.457,0.965,0.035,0.26140009048090546,5.104710682515757e-06,0.29999275163277345,0.4952927100087312,0.7706793889717564,659.1586686621731,0.5983975425251992,1.0,0.5983975425251992,1.0,0.5983975425251992,397.90156868462657,756.6928004351774,0.006564326191797209,1.0,0.006564326191797209,-0.015000000000000013,-0.05,0.1,0.0,0.0,0.0,,,89922,166937,51.6484,True,False,False,False,False,False,True,0.16833697938715247,0.38029727572650257,9.379571083464793,17.835374669561386,80.9497586268328,3.793169402519,xeon4,False,complete,True,,,,,,,,,,
case_1340,648,qlognehvi,2026-07-27T02:49:47,0.5871977944301972,0.658188444351,3.723753008028492,6.718939809080794,1.618185193081361,0.778328780147801,50.54848744325767,24.337035763153832,0.24854857719706547,1.7996089942049776,46.28033657203037,5.760459705308224,2.186579553317143,14.162343141200163,1.2197940742223896,28.802298526541122,1.0567264322339083,13.563449840155329,1.8815944978834294,1.126326760565704,8.75199155310037,10.26003540908085,16.359005780192795,3.659382222667169,11.631478351070177,1.5080438559804803,3.334198851300269,2.72783793020287,11.307085780958802,2026-07-27T03:13:29,central_target_d10um_mobo_v1,complete,0.03,305,520,30,490,8,8,0,0,490,833,1000,0.0,0.0,10.0,5.0,0.03,0.057692307692307696,0.52,0.6242496998799519,0.49,0.008,0.49,0.305,0.833,0.167,0.2566266372192306,8.538661481168646e-06,0.2718967783290378,0.4283294641132424,0.5763758456487428,902.1890905485661,0.5782196287595559,1.0,0.5782196287595559,1.0,0.5782196287595559,373.87844156766965,684.9561013020879,0.007246837864849634,1.0,0.007246837864849634,0.11699999999999999,-0.042,0.03,0.0,0.0,0.0,,,42744,67770,60.4063,True,False,False,False,False,False,True,0.30082271409135647,0.625546460898238,9.810084029518602,14.904673750679011,24.11852237105721,1.7996089942049776,xeon5,False,complete,True,,,,,,,,,,
case_1336,644,qlognehvi,2026-07-27T02:31:40,0.6984624822860812,0.5815178773164769,4.151412855892934,7.387100719283115,2.200136997482397,0.12432841177746234,59.57798315819641,49.56217176400028,0.8030250488314978,4.069079380742727,29.200872288324074,7.721622784697184,2.899606128321328,29.214283226532146,4.114562432381217,38.60811392348592,2.842099284892675,41.769414912666434,1.0535649497513249,1.63167508850522,13.278392781886703,22.67329952334059,43.246111685246674,12.343687297143653,20.280394642064437,9.394906741453887,8.00639390793695,13.509469173835104,15.125761120653564,2026-07-27T03:17:25,central_target_d10um_mobo_v1,cfd_failed,-2.0,0,0,0,0,0,0,0,0,0,0,1000,0.0,0.0,10.0,5.0,0.0,0.0,0.0,0.0,0.0,0.0,0.0,0.0,0.0,1.0,0.0,0.0,0.0,0.0,0.0,0.0,0.0,0.0,0.0,0.0,0.0,0.0,0.0,0.0,0.0,0.0,0.95,-0.05,0.0,0.0,0.0,0.0,,,79042,133501,,True,True,False,False,False,False,False,0.09374390217038882,0.39235410419225564,11.055171867534192,19.010889086592407,41.826560434446286,4.069079380742727,xeon4,True,simpleFoam_SIGFPE,True,4777.0,170.0,606.0,98.40625737118019,6.05746e+97,3.4883e+97,2.54834e+98,False,True,False
case_1333,641,qlognehvi,2026-07-27T02:22:21,0.7483491877278046,0.5073162716506251,1.5824857507292087,6.0793507335538415,3.432514378322077,0.3802963400783421,58.77301582529435,21.45951277027229,0.7491117445137833,0.8698573957872451,19.70635045460333,5.466783981128979,1.1842519261490283,36.98839494611922,3.0506646744015216,27.333919905644898,0.6509570755764083,18.584455602616654,0.7201716064687549,1.3600802019770275,10.775889295531615,14.124088369716775,29.377411741724387,9.151994023204566,20.07787962749756,3.348199074185161,8.51754410381289,6.398863748586683,19.030916768860738,2026-07-27T03:18:53,central_target_d10um_mobo_v1,cfd_failed,-2.0,0,0,0,0,0,0,0,0,0,0,1000,0.0,0.0,10.0,5.0,0.0,0.0,0.0,0.0,0.0,0.0,0.0,0.0,0.0,1.0,0.0,0.0,0.0,0.0,0.0,0.0,0.0,0.0,0.0,0.0,0.0,0.0,0.0,0.0,0.0,0.0,0.95,-0.05,0.0,0.0,0.0,0.0,,,39354,73992,1.69822e+91,True,False,False,True,False,False,False,0.12784126089631478,0.34619443835831415,7.30512449372418,14.39954699256132,49.426652093291146,0.8698573957872451,xeon6,True,completed_with_runaway_velocity,True,10000.0,245.0,1336.0,90.8102136936777,2.07407e+90,8.09156e+89,6.45972e+90,True,False,False
case_1317,627,qlognehvi,2026-07-27T01:30:07,0.814544320771474,0.5464108725634694,3.0996565015951045,3.9917290600522373,2.7112554272199123,0.8940575759913314,58.79563415266121,51.17014733587302,0.7715096848234226,2.3855219112879706,38.00261583604853,4.045920674120059,2.524807599716668,20.075596838595246,1.1439353300305575,20.229603370600294,1.9431133249155286,41.76316739523327,2.4311304255231976,2.3216095504749306,7.404539106512924,10.077955031838853,15.79763168199164,3.4318059900916724,5.731301659490543,2.673415925325929,2.1517759278890525,3.8173512553564866,4.2750027023742705,2026-07-27T03:20:21,central_target_d10um_mobo_v1,cfd_failed,-2.0,0,0,0,0,0,0,0,0,0,0,1000,0.0,0.0,10.0,5.0,0.0,0.0,0.0,0.0,0.0,0.0,0.0,0.0,0.0,1.0,0.0,0.0,0.0,0.0,0.0,0.0,0.0,0.0,0.0,0.0,0.0,0.0,0.0,0.0,0.0,0.0,0.95,-0.05,0.0,0.0,0.0,0.0,,,45375,68595,30828500.0,True,False,False,True,False,False,False,0.7879023726914779,0.5115218669232232,4.967097027069163,9.090406645398879,24.64641435297367,2.3855219112879706,xeon1,True,completed_with_runaway_velocity,True,10000.0,285.0,1639.0,12.77585428340088,346977.0,243602.0,4771170000000.0,True,False,False
case_1338,646,qlognehvi,2026-07-27T02:38:16,0.5801233807539744,0.5491530515789247,4.8538438216597,11.4110675811065,2.7262056762631635,0.9206711393851692,47.55062765133667,51.1825138429301,0.0652413514607375,4.5192900654367465,41.60353486345425,7.169320076411951,2.8158282874730163,35.591245520835805,1.3082649053319897,35.846600382059755,2.6217458313690156,12.68680285966329,1.6178584857037495,1.0213402454755454,13.055231243455216,16.113222074141966,22.65454660080191,3.924794715995969,19.880821013826175,3.057990830686749,2.4602247137498736,4.366255736018738,19.395433870668526,2026-07-27T03:24:18,central_target_d10um_mobo_v1,complete,0.004,466,505,4,501,0,0,0,0,501,971,1000,0.0,0.0,10.0,5.0,0.004,0.007920792079207921,0.505,0.5200823892893924,0.501,0.0,0.501,0.466,0.971,0.029,0.24538309096237626,7.114031816365342e-06,0.2542767365623702,0.40016750948875457,0.5030759099890847,1003.8246514546026,0.5917869752011371,1.0,0.5917869752011371,0.2,0.11835739504022742,353.36881602324263,645.5506004647925,0.007685797225346805,0.2,0.001537159445069361,-0.02100000000000002,-0.05,0.004,0.0,0.0,0.0,,,83035,134740,54.0394,True,False,False,False,False,False,True,0.16698730973129505,0.6130112395821092,12.358267765546932,22.50423216262651,61.35116546169644,4.5192900654367465,xeon6,False,complete,True,,,,,,,,,,
case_1341,649,qlognehvi,2026-07-27T02:56:08,0.8495440389473778,0.5958944462073217,1.8298791208839296,4.285017463609166,4.5797256311287695,0.33450789634103617,47.228560333892425,16.593551753831,0.0499649181479489,2.8842805612160016,41.35497773085204,3.2664379241978136,1.5545628991412106,25.10409281232864,1.1431695963765565,16.33218962098907,2.450323357432852,10.32944627368443,2.741539031450441,2.8844736680908074,5.48157135040887,6.460972229667975,12.176820211550758,3.4295087891296694,11.837577373993236,0.9794008792591052,3.2866859376009967,2.1225704756356616,11.645725939641393,2026-07-27T03:24:18,central_target_d10um_mobo_v1,complete,0.001,534,466,1,465,0,0,0,0,465,1000,1000,0.0,0.0,10.0,5.0,0.001,0.002145922746781116,0.466,0.466,0.465,0.0,0.465,0.534,1.0,0.0,0.29244412931545033,3.415140238027896e-06,0.2987024398279861,0.3734603708271782,0.43816624815052896,1063.523267634044,0.6946369384751275,1.0,0.6946369384751275,0.05,0.03473184692375638,418.0271717746669,665.9045001345913,0.007452625521213438,0.05,0.00037263127606067194,-0.050000000000000044,-0.05,0.001,0.0,0.0,0.0,,,54064,84819,54.4658,True,False,False,False,False,False,True,1.3631526488915966,0.48729698595845494,3.844930662152692,6.452368681440901,29.550078231887436,2.8842805612160016,xeon6,False,complete,True,,,,,,,,,,
case_1337,645,qlognehvi,2026-07-27T02:34:22,0.6323236444519436,0.5432761651900575,4.73188212126181,12.081781236001893,3.132387359577095,0.38913181296815613,48.11065084492669,13.319833610001655,0.2064551319624075,3.697346536283789,48.56649241834232,7.661674676839042,2.9920809480332613,44.175199371256625,3.712896719362167,38.308373384195214,2.3379196366247355,10.685396686046127,1.4358782864172412,2.2244219112831263,14.102725589219828,16.66893055150056,35.2334141483114,11.1386901580865,33.86490967891499,2.5662049622807306,10.839050259566973,6.2791016816428975,33.27769507692292,2026-07-27T03:29:34,central_target_d10um_mobo_v1,complete,0.021,369,594,21,573,0,0,0,0,573,963,1000,0.0,0.0,10.0,5.0,0.021,0.03535353535353535,0.594,0.616822429906542,0.573,0.0,0.573,0.369,0.963,0.037,0.3035901994865315,1.2045319430311457e-05,0.32739827733124865,0.545033801666016,0.9332473097834854,636.4872352407947,0.5370702385557351,1.0,0.5370702385557351,1.0,0.5370702385557351,446.493719293823,848.6240012184318,0.005857379821634798,1.0,0.005857379821634798,-0.013000000000000012,-0.05,0.021,0.0,0.0,0.0,,,92310,175626,62.4274,True,False,False,False,False,False,True,0.12976844189498168,0.39228429605838094,12.116698061290554,22.303017944937267,69.86169149114261,3.697346536283789,xeon1,False,complete,True,,,,,,,,,,
case_1334,642,qlognehvi,2026-07-27T02:27:29,0.6290268298554655,0.5486048509538964,2.5976054175844125,4.331358971060364,1.192094050337649,0.1985501081288752,58.55328440442278,22.28330096859875,0.12070415770200371,2.660600718096508,47.68217723039909,4.230807387585207,1.6339635010385059,9.193357124158466,2.1870531240414275,21.154036937926037,1.6735892352154216,11.482645497214918,1.3587459796204162,2.1975306869284856,7.711939440981639,10.19984242178164,21.135108041988776,6.5611593721242825,23.48384976931609,2.4879029807999995,6.071173779800804,4.674956104841427,23.013821616707062,2026-07-27T03:31:05,central_target_d10um_mobo_v1,complete,0.012,176,823,12,811,0,0,0,0,811,999,1000,0.0,0.0,10.0,5.0,0.012,0.014580801944106925,0.823,0.8238238238238238,0.811,0.0,0.811,0.176,0.999,0.001,0.27306326242527323,1.1376865150130005e-05,0.285785442738101,0.4217387375944194,0.5587748621952536,1472.865112017902,0.598636698176224,1.0,0.598636698176224,0.6,0.35918201890573437,395.2680921814702,694.8020000383657,0.0071448781222772755,0.6,0.004286926873366365,-0.049000000000000044,-0.05,0.012,0.0,0.0,0.0,,,59307,105560,66.2835,True,False,False,False,False,False,True,0.40270835586007003,0.38206981824588376,6.725956965233644,12.260112088944835,14.61520667770382,2.660600718096508,xeon1,False,complete,True,,,,,,,,,,
case_1280,604,qlognehvi,2026-07-26T23:20:40,0.810875961032618,0.66675339090448,2.736822296830905,3.5203157108923846,2.3618252329255554,0.553050690358937,59.4666175939381,19.22965784411539,0.8479112380922871,3.0018344747073606,47.14650740844852,4.520075705484108,2.219223410118257,16.01136042437548,1.1158295806260023,22.60037852742054,2.4341154145391752,17.82593060977207,3.479105780600547,2.364211931001784,6.779231672676501,7.881745291427583,13.460893194557595,3.3474887418780073,7.246499389916303,1.1025136187510818,3.1607190000802663,2.218343199377084,6.898601804556834,2026-07-27T03:32:33,central_target_d10um_mobo_v1,cfd_failed,-2.0,0,0,0,0,0,0,0,0,0,0,1000,0.0,0.0,10.0,5.0,0.0,0.0,0.0,0.0,0.0,0.0,0.0,0.0,0.0,1.0,0.0,0.0,0.0,0.0,0.0,0.0,0.0,0.0,0.0,0.0,0.0,0.0,0.0,0.0,0.0,0.0,0.95,-0.05,0.0,0.0,0.0,0.0,,,53600,81619,,True,True,False,False,False,False,False,0.9033896131565666,0.5953990442266266,5.574312129968648,8.360380623496868,19.745757913436787,3.0018344747073606,xeon5,True,simpleFoam_SIGFPE,True,7886.0,189.0,892.0,98.0165068558384,3.93782e+97,3.23974e+97,2.00595e+97,False,True,False
case_1326,635,qlognehvi,2026-07-27T02:00:07,0.7013392654865096,0.5740555597860308,3.043118978672068,5.335330080672529,4.819481606422386,0.5286840990045489,57.251849785765785,17.291914927442388,0.0810650185347439,1.0558009443630922,47.37650702434358,5.164564036637294,2.1342588292899256,43.3590807639621,1.863480642686089,25.82282018318647,0.7404746588195743,10.591119218746893,2.0652524755912114,2.3273355095990866,8.996627501634675,10.65833126387912,19.975734477309565,5.590441928058267,19.179563054200493,1.6617037622444437,5.337769342856105,3.525184404930533,18.852817133290376,2026-07-27T03:43:50,central_target_d10um_mobo_v1,cfd_failed,-2.0,0,0,0,0,0,0,0,0,0,0,1000,0.0,0.0,10.0,5.0,0.0,0.0,0.0,0.0,0.0,0.0,0.0,0.0,0.0,1.0,0.0,0.0,0.0,0.0,0.0,0.0,0.0,0.0,0.0,0.0,0.0,0.0,0.0,0.0,0.0,0.0,0.95,-0.05,0.0,0.0,0.0,0.0,,,40004,70783,142760000000.0,True,False,False,True,False,False,False,0.41077565319539733,0.47016758288149335,7.363859819048781,12.827782421954995,61.823261433800496,1.0558009443630922,xeon4,True,completed_with_runaway_velocity,True,10000.0,980.0,,11.464672824546271,14617700000.0,9122670000.0,272225000000.0,True,False,False
case_1346,654,qlognehvi,2026-07-27T03:20:37,0.7384683276696555,0.5488111439550222,2.054477565819691,6.698883224077551,4.23118654129794,0.5332463415595736,50.56016710151686,20.66442756170316,0.21736736612819452,1.7156784058875116,47.10081013604452,4.874690080705344,1.517166612265692,37.582551465407924,1.9370463955030341,24.373450403526718,1.2669741632146911,12.318098530352339,2.1140688910384218,2.727579501340113,8.882272407181384,10.932988556310653,20.61822053382582,5.811139186509102,18.69214008797311,2.050716149129268,5.4372697119677715,3.987762544632302,18.261814010553252,2026-07-27T03:43:50,central_target_d10um_mobo_v1,complete,0.003,450,523,3,520,0,0,0,0,520,973,1000,0.0,0.0,10.0,5.0,0.003,0.0057361376673040155,0.523,0.5375128468653648,0.52,0.0,0.52,0.45,0.973,0.027,0.2958527246042064,6.987866934130013e-06,0.31753759604628506,0.529335675825159,0.8802625047576867,594.1409490615168,0.5824783055062154,1.0,0.5824783055062154,0.15,0.08737174582593231,434.0034096725698,825.1884003869952,0.006022729295746884,0.15,0.0009034093943620325,-0.02300000000000002,-0.05,0.003,0.0,0.0,0.0,,,46937,81426,62.3343,True,False,False,False,False,False,True,0.4719804316380991,0.4366423828641247,6.601082129125482,12.027966636308816,50.89257055073052,1.7156784058875116,xeon1,False,complete,True,,,,,,,,,,
case_1283,605,qlognehvi,2026-07-26T23:23:01,0.5777747920708569,0.318670119191163,4.7411674547563845,3.5459277410867145,3.3227001103273346,0.35980164690038485,57.88772698178704,28.936100653719397,0.4425112925485235,4.081813915830079,49.13294871414771,1.9846071060807953,2.739327040344984,20.693042281681034,2.4360750121833283,9.923035530403975,2.358369186490654,18.37943837610631,0.4295710270505218,2.662084737140227,6.227779093684885,9.763746084765131,21.944121145681777,7.308225036549985,18.940314299145488,3.5359669910802474,6.395865119188093,5.972042003263576,17.974154223820115,2026-07-27T03:46:42,central_target_d10um_mobo_v1,complete,0.061,0,1000,61,939,0,0,0,0,939,1000,1000,0.0,0.0,10.0,5.0,0.061,0.061,1.0,1.0,0.939,0.0,0.939,0.0,1.0,0.0,0.25116376355740005,1.1705018855734696e-05,0.23113964413595248,0.37034003645288305,0.4308749069789556,2320.8592187728423,0.6093932661832532,1.0,0.6093932661832532,1.0,0.6093932661832532,341.3338122023948,621.5038000645726,0.007980797561778013,1.0,0.007980797561778013,-0.050000000000000044,-0.05,0.061,0.0,0.0,0.0,,,74326,124347,65.0073,True,False,False,False,False,False,True,0.5786084542148183,0.1389452965708695,3.434914664531449,10.778904132115763,35.8150659489888,4.081813915830079,xeon6,False,complete,True,,,,,,,,,,
case_1339,647,qlognehvi,2026-07-27T02:42:12,0.5969513413363021,0.5481507186417126,1.6557626003556964,10.51140164044054,2.5447080790307397,0.5123147841051523,51.66162383152247,20.521212631829997,0.20892630248712285,4.535822074452103,49.69570384690509,7.612926252212633,0.9884097052168166,35.3418763858873,3.085076273054123,38.06463126106316,2.707665071406991,12.198158052849053,1.4423393120364083,1.8957490896639952,13.888381412829387,17.132840207268874,32.55822157253949,9.255228819162369,29.95614551240956,3.244458794439485,8.667914837274184,6.329535067493608,29.279816252668393,2026-07-27T03:48:12,central_target_d10um_mobo_v1,complete,0.051,363,606,51,555,0,0,0,0,555,969,1000,0.0,0.0,10.0,5.0,0.051,0.08415841584158416,0.606,0.6253869969040248,0.555,0.0,0.555,0.363,0.969,0.031,0.26097366123087457,1.1843504810402628e-05,0.2910491225651336,0.4884423397088031,0.749508355145643,808.5300128271996,0.5499860113074446,1.0,0.5499860113074446,1.0,0.5499860113074446,390.91795014101115,749.4160009909745,0.006627643095364063,1.0,0.006627643095364063,-0.019000000000000017,-0.05,0.051,0.0,0.0,0.0,,,96430,173830,69.6423,True,False,False,False,False,False,True,0.13202709639466897,0.43208541490443714,12.753009709586646,23.265516719904888,59.20394835996673,4.535822074452103,xeon5,False,complete,True,,,,,,,,,,
case_1344,652,qlognehvi,2026-07-27T03:17:39,0.7535982424292094,0.529693977393507,2.608081788701359,7.616012281062418,4.402109258231697,0.3320602533865148,50.1536387368442,18.615491728998144,0.966544355596098,2.5605764092453933,38.338123789048865,5.233161737071516,1.9654458520769729,43.49105467641055,2.76765766860884,26.16580868535758,1.9296458816130244,18.327254901348024,1.51040301372915,2.5936383778094485,9.87959455915019,12.530032710706438,26.36832105375064,8.30297300582652,17.23071500758914,2.6504381515562483,7.868579181800166,5.418095820165089,16.356704354981392,2026-07-27T03:48:12,central_target_d10um_mobo_v1,complete,0.038,478,495,38,457,0,0,0,0,457,973,1000,0.0,0.0,10.0,5.0,0.038,0.07676767676767676,0.495,0.5087358684480987,0.457,0.0,0.457,0.478,0.973,0.027,0.26233258384848496,4.5437322785090895e-06,0.2884261758461339,0.45583301710517266,0.6527718694958511,758.3047357452742,0.6231013432870394,1.0,0.6231013432870394,1.0,0.6231013432870394,389.88208920453474,718.1656007777083,0.006914045682790898,1.0,0.006914045682790898,-0.02300000000000002,-0.05,0.038,0.0,0.0,0.0,,,58364,98229,50.8182,True,False,False,False,False,False,True,0.29259264556933273,0.36802821161676985,6.944232937967743,13.109895966985682,57.71119441072205,2.5605764092453933,xeon4,False,complete,True,,,,,,,,,,
case_1351,658,qlognehvi,2026-07-27T03:32:48,0.6079885596926163,0.5644571880668494,3.8084359248181907,4.260686317505332,2.9101709160657974,0.36876781703165273,50.43588092878086,21.995183261141523,0.2043906622600088,0.8798465324213822,42.4827672743085,3.2540084889673158,2.315485472611829,16.77668575300769,1.3224567710060906,16.27004244483658,0.5349366259974191,12.451703450674888,1.3012352789516055,1.6588534974608602,5.7648455148770985,7.250739344980852,13.863023200011305,3.9673703130182716,13.024743022768904,1.4858938301037534,3.678606628368722,2.808350601109844,12.71837637870547,2026-07-27T03:52:23,central_target_d10um_mobo_v1,complete,0.011,399,571,11,560,0,0,0,0,560,970,1000,0.0,0.0,10.0,5.0,0.011,0.01926444833625219,0.571,0.588659793814433,0.56,0.0,0.56,0.399,0.97,0.03,0.2912238841138354,1.0966055926094574e-05,0.29765543126340577,0.4964661179712832,0.7743353787986355,737.4065755408129,0.55048755914422,1.0,0.55048755914422,0.55,0.302768157529321,416.4253913478464,787.6900020240059,0.006307636008065331,0.55,0.003469199804435932,-0.020000000000000018,-0.05,0.011,0.0,0.0,0.0,,,31574,52213,54.9733,True,False,False,False,False,False,True,0.651954583717284,0.43959332886247476,5.352088352801343,9.481832220316216,27.593752358579838,0.8798465324213823,xeon5,False,complete,True,,,,,,,,,,
case_1342,650,qlognehvi,2026-07-27T03:09:49,0.6005527830663289,0.5342472342841349,2.131823689177398,10.142781564411035,3.553507728805831,0.32307819526134784,47.3767409562895,31.17643013552411,0.22435317030022073,1.7430642128317335,42.5874695971407,6.208894191501081,1.2802726495422148,41.29802099284713,3.310244617881863,31.044470957505403,1.0468020640794173,14.750999236545967,1.0677132297368073,1.827531817968973,11.621761972845203,16.7626555427743,33.313878632183616,9.930733853645588,33.19133442813397,5.140893569929099,8.496510352762728,8.451138187810962,32.097397783165455,2026-07-27T03:53:54,central_target_d10um_mobo_v1,complete,0.005,374,591,5,586,0,0,0,0,586,965,1000,0.0,0.0,10.0,5.0,0.005,0.008460236886632826,0.591,0.6124352331606218,0.586,0.0,0.586,0.374,0.965,0.035,0.27872998454314746,1.1124110195194589e-05,0.29520791261738,0.49344801586087955,0.7649493620077142,772.600160681015,0.548950954748149,1.0,0.548950954748149,0.25,0.13723773868703726,406.0026060003551,772.1780006259808,0.006433532596101192,0.25,0.001608383149025298,-0.015000000000000013,-0.05,0.005,0.0,0.0,0.0,,,67927,138729,56.5735,True,False,False,False,False,False,True,0.146934907225004,0.36878164443554556,10.33863195138225,19.351774399422975,68.76667989445636,1.7430642128317335,xeon4,False,complete,True,,,,,,,,,,
case_1322,632,qlognehvi,2026-07-27T01:51:54,0.6454584110387229,0.31163291580622404,2.144636893712035,5.951447493508864,3.115947135494171,0.32642932342645214,59.09006062103571,13.32349064371224,0.6849017572961945,3.3280374864823434,43.787216493731734,3.298849096140398,1.3842739216703925,32.98444698934756,4.561060260197587,16.49424548070199,2.148109787902199,12.276264582235974,0.4318929199042318,3.0067334594965343,10.585688894916512,13.73896026201702,36.54426156300495,13.683180780592762,36.28128997060098,3.1532713671005075,13.314890760340742,7.714331627298095,35.4516725906536,2026-07-27T03:56:39,central_target_d10um_mobo_v1,cfd_failed,-2.0,0,0,0,0,0,0,0,0,0,0,1000,0.0,0.0,10.0,5.0,0.0,0.0,0.0,0.0,0.0,0.0,0.0,0.0,0.0,1.0,0.0,0.0,0.0,0.0,0.0,0.0,0.0,0.0,0.0,0.0,0.0,0.0,0.0,0.0,0.0,0.0,0.95,-0.05,0.0,0.0,0.0,0.0,,,89545,180462,8.15226e+43,True,False,False,True,False,False,False,0.21054748719265184,0.12560042070621694,5.1108623572379015,16.40026485653999,51.1023583010815,3.328037486482344,xeon4,True,completed_with_runaway_velocity,True,10000.0,169.0,746.0,44.221382936211135,4.3681e+40,2.43846e+40,1.11479e+44,True,False,False
case_1345,653,qlognehvi,2026-07-27T03:19:07,0.6860037425194849,0.542622865093884,2.7186822013862204,11.12250873039764,4.809785860813983,0.445047543764826,49.96981594358129,27.40149648566528,0.6270269192585782,1.8533164479427096,44.13845639301345,7.557174222957445,1.8650261648720592,66.98646898891676,3.4251126192251142,37.78587111478723,1.271382019361617,20.911206731895675,1.5883223676813893,2.3270334348785244,13.92712085888587,18.65606739759504,35.78163049372061,10.275337857675343,22.845575376164728,4.728946538709172,9.12247952715744,8.154059157934286,21.340844255017938,2026-07-27T03:56:39,central_target_d10um_mobo_v1,complete,0.021,443,531,21,510,0,0,0,0,510,974,1000,0.0,0.0,10.0,5.0,0.021,0.03954802259887006,0.531,0.5451745379876797,0.51,0.0,0.51,0.443,0.974,0.026,0.27614802136911504,7.427187772598867e-06,0.30370311248390003,0.5185279806505096,0.844683996281065,628.6374577213038,0.5695190332672291,1.0,0.5695190332672291,1.0,0.5695190332672291,410.47936646517167,794.676001780249,0.006252532261652139,1.0,0.006252532261652139,-0.02400000000000002,-0.05,0.021,0.0,0.0,0.0,,,59504,109107,58.0389,True,False,False,False,False,False,True,0.14754301698855748,0.40566488660951894,11.01622885496546,20.301814692345197,97.64738125610751,1.8533164479427096,xeon6,False,complete,True,,,,,,,,,,
case_1343,651,qlognehvi,2026-07-27T03:13:44,0.7616832582063946,0.5043743344030698,3.0644060766760886,6.857219581622022,3.384503623417066,0.3478070486650595,47.90305544828684,59.18298033947073,0.15492543913175483,3.082679036383323,34.874865212570214,4.212298476746493,2.334106804950118,28.265790872042285,2.3951931324511433,21.061492383732464,2.3480250124369983,17.619694826900968,1.30102027390293,2.512819825441639,8.351532164561416,14.522563490677019,26.49852915293274,7.18557939735343,28.29961869295253,6.171031326115603,3.681157922144876,8.566224458566747,26.97198948338741,2026-07-27T04:02:00,central_target_d10um_mobo_v1,complete,0.056,358,486,56,430,0,0,0,0,430,844,1000,0.0,0.0,10.0,5.0,0.056,0.11522633744855967,0.486,0.5758293838862559,0.43,0.0,0.43,0.358,0.844,0.156,0.2591809527219341,4.050621878110289e-06,0.2815563782688801,0.4415975480554254,0.6126369393879485,793.2920278779395,0.6330054084155824,1.0,0.6330054084155824,1.0,0.6330054084155824,382.68624278140146,700.7785006484628,0.007084375615587675,1.0,0.007084375615587675,0.10599999999999998,-0.05,0.056,0.0,0.0,0.0,,,74188,139457,45.7938,True,False,False,False,False,False,True,0.3889955804536522,0.34113131122789286,5.530249524803234,10.964573626349008,37.109639167601415,3.082679036383323,xeon5,False,complete,True,,,,,,,,,,
case_1347,655,qlognehvi,2026-07-27T03:24:40,0.6846297972554676,0.5387469674490508,1.0517637634732573,5.936524715810325,3.9863238378906423,0.1661355077588047,51.22945231606266,27.50861202379349,0.4692647589196359,3.070217430916331,47.04822339003922,4.350896044923581,0.7200688121473436,32.193370298094926,2.4384650682483078,21.754480224617904,2.1019623372584504,18.21617460036289,1.5025549519233854,2.654214576033264,8.075954590565829,11.454803468348478,23.647128809590015,7.315395204744924,18.609266058480816,3.37884887778265,6.48832700029152,5.817313946030958,17.676641131409546,2026-07-27T04:03:32,central_target_d10um_mobo_v1,complete,0.005,379,608,5,603,0,0,0,0,603,987,1000,0.0,0.0,10.0,5.0,0.005,0.008223684210526315,0.608,0.6160081053698075,0.603,0.0,0.603,0.379,0.987,0.013,0.2847354291430922,1.195934642960527e-05,0.319892352788821,0.5339686728201549,0.8957388881999386,678.7692351080417,0.5618173779694484,1.0,0.5618173779694484,0.25,0.1404543444923621,428.2585458868209,818.7041020366689,0.006070140949446691,0.25,0.0015175352373616728,-0.03700000000000003,-0.05,0.005,0.0,0.0,0.0,,,64860,109781,66.8181,True,False,False,False,False,False,True,0.42108699355423623,0.36147179722566886,6.35510762512146,11.79608983269583,47.02303409397483,3.070217430916331,xeon6,False,complete,True,,,,,,,,,,
case_1349,656,qlognehvi,2026-07-27T03:29:50,0.7652812229018994,0.521029880768381,2.189107588608325,10.83784330214896,4.555087161761117,0.4259444710750684,45.22471510112418,10.11789689680472,0.13508684938096516,1.5377586264778564,45.74054892908074,6.090043245015985,1.675282932474007,53.24200938155827,3.0656980021099707,30.450216225079924,1.176817802198919,10.015926320341142,1.8848981234085398,3.1645580878055584,11.688472139131033,13.304164608769657,28.63265461931951,9.197094006329912,26.91662220172466,1.6156924696386246,9.054064060123643,4.681390471748595,26.506397982400372,2026-07-27T04:03:32,central_target_d10um_mobo_v1,complete,0.001,430,521,1,520,0,0,0,0,520,951,1000,0.0,0.0,10.0,5.0,0.001,0.0019193857965451055,0.521,0.5478443743427971,0.52,0.0,0.52,0.43,0.951,0.049,0.31055738253358955,6.199612885239921e-06,0.3288144425253221,0.5666296190617041,1.0086684050165755,516.5225731358547,0.5745739119997432,1.0,0.5745739119997432,0.05,0.02872869559998716,452.28843175322055,877.1870013529165,0.005667732569548215,0.05,0.00028338662847741074,-0.0010000000000000009,-0.05,0.001,0.0,0.0,0.0,,,55602,106895,58.7506,True,False,False,False,False,False,True,0.26961621395872337,0.37328734908572114,7.957915420847405,15.273433855869435,69.57182247287845,1.5377586264778564,xeon1,False,complete,True,,,,,,,,,,
case_1348,655,qlognehvi,2026-07-27T03:24:40,0.5326165961164104,0.6650814712630884,1.7069395916520644,6.509034726129812,3.1127290778001298,0.0805030624751436,55.52131766226343,48.084711441646505,0.3452204180276044,3.0110496035626135,48.53944609547026,6.658046656965277,0.9091443550820582,31.161137884545923,2.243920389350299,33.290233284826385,1.6037349905871863,23.147620004345896,1.3661407207580014,1.2293849506535781,10.010873772081876,15.020201547262005,26.2398034940135,6.731761168050896,18.45133825929747,5.009327775180129,4.497026091150336,7.253248164530428,16.965915083565356,2026-07-27T04:05:10,central_target_d10um_mobo_v1,complete,0.025,383,582,25,557,10,8,0,2,557,975,1000,0.0,0.0,10.0,5.0,0.025,0.0429553264604811,0.582,0.5969230769230769,0.557,0.01,0.557,0.383,0.975,0.025,0.24242595937285227,1.0322399809089348e-05,0.26175329192811886,0.40129714257330173,0.5059201854148929,1150.3790850383166,0.570305986571817,1.0,0.570305986571817,1.0,0.570305986571817,356.77041878441486,643.7231019295931,0.0077074486558714505,1.0,0.0077074486558714505,-0.025000000000000022,-0.04,0.025,0.0,0.0,0.0,,,67498,114644,71.2121,True,False,False,False,False,False,True,0.1634935579804356,0.5263445227320847,12.500636866204735,18.795647460248997,58.50575838559721,3.0110496035626135,xeon6,False,complete,True,,,,,,,,,,
case_1290,605,qlognehvi,2026-07-26T23:23:01,0.5849488224543222,0.6410542045649543,3.1763983771838347,3.055824933832429,4.187685496001108,0.4400881639582511,59.672780093724164,56.19288942149139,0.4506830640761803,3.294191530866303,40.119780513662214,3.723670937875316,1.8580304903795042,24.324874039323607,1.0475907681394303,18.61835468937658,1.9269334569192451,30.818352943009913,1.43869193111636,1.1488977679579027,5.808667833950722,8.420045818693142,13.657999659390294,3.142772304418291,7.141987780271317,2.61137798474242,1.7486345467882276,3.6589687528818504,6.133509364057337,2026-07-27T04:09:06,central_target_d10um_mobo_v1,cfd_failed,-2.0,0,0,0,0,0,0,0,0,0,0,1000,0.0,0.0,10.0,5.0,0.0,0.0,0.0,0.0,0.0,0.0,0.0,0.0,0.0,1.0,0.0,0.0,0.0,0.0,0.0,0.0,0.0,0.0,0.0,0.0,0.0,0.0,0.0,0.0,0.0,0.0,0.95,-0.05,0.0,0.0,0.0,0.0,,,59111,90138,,True,False,False,False,False,False,False,0.5504578814212399,0.5559969309010107,6.365806366190423,9.930215449582022,41.58461921038075,3.294191530866303,xeon5,True,unclassified_CFD_failure,True,4123.0,181.0,1254.0,41.30076282239341,2.97782e+40,2.44504e+40,1.60141e+41,False,False,False
case_1350,657,qlognehvi,2026-07-27T03:31:18,0.8125622236566488,0.547946384263999,3.2808054572824874,5.519164705911674,4.532956765497021,0.27935805385983836,53.32057083841284,56.40052417711924,0.08561704339487364,2.133111097125346,38.78297837315917,4.5055661368040365,2.665858577754326,37.27287393209649,2.237395818291989,22.52783068402018,1.7332854963868447,13.972675692017301,1.8810918988022183,2.945666233830776,8.222640510450503,13.813397995252481,25.000377086712426,6.712187454875967,32.42019940988343,5.590757484801978,3.7144166669242935,7.828153303093967,31.46091774948507,2026-07-27T04:11:51,central_target_d10um_mobo_v1,complete,0.058,523,477,58,419,0,0,0,0,419,1000,1000,0.0,0.0,10.0,5.0,0.058,0.12159329140461216,0.477,0.477,0.419,0.0,0.419,0.523,1.0,0.0,0.26926449217777765,3.6967422508385777e-06,0.29351395416067916,0.4249055080181818,0.5671978740865857,840.9763537427918,0.6566330602874789,1.0,0.6566330602874789,1.0,0.6566330602874789,398.3137055744627,694.1700001822207,0.007151336582943888,1.0,0.007151336582943888,-0.050000000000000044,-0.05,0.058,0.0,0.0,0.0,,,65510,129472,51.1756,True,False,False,False,False,False,True,0.49159805044474614,0.3897215992830541,5.544887524463457,10.119397962469163,45.87079345673136,2.133111097125346,xeon1,False,complete,True,,,,,,,,,,
case_1355,661,qlognehvi,2026-07-27T03:48:39,0.5996314096238884,0.5536277220254153,4.560510851042171,3.1728742185910552,4.276783264529497,0.05025143651505937,51.399542469280036,26.87152949357234,0.060932260346851064,1.6814250581684305,43.040988637173996,2.5323802307081436,2.7346255502154557,19.562678961406384,1.0396776163761132,12.661901153540718,1.0082352778064645,11.028020427551926,1.260314556157516,1.656790762070442,4.57415719979407,5.9839335846201855,11.182321666500753,3.11903284912834,12.804988993133245,1.4097763848261153,2.7822466567017847,2.449454001202229,12.56852888011393,2026-07-27T04:11:51,central_target_d10um_mobo_v1,complete,0.005,365,568,5,563,0,0,0,0,563,933,1000,0.0,0.0,10.0,5.0,0.005,0.008802816901408451,0.568,0.6087888531618435,0.563,0.0,0.563,0.365,0.933,0.067,0.26710048368661987,1.023367117588029e-05,0.29623003388736835,0.5015640177104712,0.7903193547580125,718.6968110807759,0.544527696664527,1.0,0.544527696664527,0.25,0.13613192416613176,398.8670222859564,768.6645013784403,0.00646274966874076,0.25,0.00161568741718519,0.016999999999999904,-0.05,0.005,0.0,0.0,0.0,,,40981,65330,56.1693,True,False,False,False,False,False,True,1.0426054724993008,0.4320428708152073,4.223228119915447,7.6282815182466095,32.62450673435676,1.6814250581684305,xeon5,False,complete,True,,,,,,,,,,
case_1356,661,qlognehvi,2026-07-27T03:48:39,0.5733508802543927,0.5939922811792786,2.2766187221353107,9.203614452655428,2.426125738334077,0.6739672455466309,57.682980306579445,42.6615450355129,0.8075608521091978,0.5406986347021401,47.99623693997676,8.982623893266904,1.3053013483399112,36.68898690394251,2.349721829008293,44.91311946633452,0.31001003815882033,36.37618514008174,1.6410011526552173,1.3330557862197883,15.122458957603476,19.899440623320192,31.648049768361656,7.0491654870248786,12.016341855606335,4.776981665716717,5.183741913798278,7.126703494725009,9.674842060161552,2026-07-27T04:20:55,central_target_d10um_mobo_v1,cfd_failed,-2.0,0,0,0,0,0,0,0,0,0,0,1000,0.0,0.0,10.0,5.0,0.0,0.0,0.0,0.0,0.0,0.0,0.0,0.0,0.0,1.0,0.0,0.0,0.0,0.0,0.0,0.0,0.0,0.0,0.0,0.0,0.0,0.0,0.0,0.0,0.0,0.0,0.95,-0.05,0.0,0.0,0.0,0.0,,,37446,60749,1.17032e+75,True,False,False,True,False,False,False,0.10789500292686222,0.5517719352326717,15.66688776911158,26.375574675831526,63.99046058438734,0.5406986347021401,xeon4,True,completed_with_runaway_velocity,True,10000.0,342.0,1559.0,74.27319579242233,1.80573e+74,5.67363e+73,6.14269e+73,True,False,False
case_1363,666,qlognehvi,2026-07-27T04:03:57,0.5241748825204409,0.5642116395321759,3.6321275556823682,7.701415064605315,2.2954881740736086,0.6586414244467346,59.79996629089909,53.358185753876505,0.08798534604083807,3.849635216906445,48.03657142754663,7.761584707394098,1.9038700347990614,31.577912718473215,2.3637030032186557,38.80792353697049,2.0178820875684877,13.81488497725776,1.2522087153136174,1.2356489990685695,13.756512917439503,19.44629213071043,31.264807146803708,7.091109009655967,33.72681358026336,5.689779213270927,4.232049088923014,8.053482216489583,32.75117369601467,2026-07-27T04:20:55,central_target_d10um_mobo_v1,cfd_failed,-2.0,0,0,0,0,0,0,0,0,0,0,1000,0.0,0.0,10.0,5.0,0.0,0.0,0.0,0.0,0.0,0.0,0.0,0.0,0.0,1.0,0.0,0.0,0.0,0.0,0.0,0.0,0.0,0.0,0.0,0.0,0.0,0.0,0.0,0.0,0.0,0.0,0.95,-0.05,0.0,0.0,0.0,0.0,,,90813,169645,,True,True,False,False,False,False,False,0.11027442345898959,0.5033281075821412,14.807242708909131,26.24412839335744,60.24308636582142,3.849635216906445,xeon6,True,simpleFoam_SIGFPE,True,1205.0,136.0,565.0,95.33550002420823,2.16521e+95,8.13041e+93,8.13041e+93,False,True,False
case_1359,664,qlognehvi,2026-07-27T03:57:05,0.5427624903296535,0.5298670572791373,3.863747371932851,3.7352250733442753,3.7164608442754288,0.8483044127114212,56.37107892353537,16.312194983508707,0.6405969086670764,2.3794101799283176,49.1396668525903,3.26322665639633,2.097097145594928,22.888107361812956,1.1358205772139955,16.31613328198165,1.2914545947736227,14.043572593339505,1.244474400638956,1.484207962214228,6.158576215613348,7.115633365667529,12.794736251737508,3.4074617316419866,8.624742983855043,0.9570571500541813,3.2702961737638954,2.092877727268177,8.366962074508379,2026-07-27T04:22:34,central_target_d10um_mobo_v1,complete,0.021,343,569,21,548,30,30,0,0,548,942,1000,0.0,0.0,10.0,5.0,0.021,0.03690685413005272,0.569,0.6040339702760085,0.548,0.03,0.548,0.343,0.942,0.058,0.26288916251704736,1.1413496038305805e-05,0.28002056644641077,0.45594963750590295,0.6531059227665004,871.2216199016617,0.5434624004275859,1.0,0.5434624004275859,1.0,0.5434624004275859,384.08622668894446,718.8388000422879,0.006907615341575903,1.0,0.006907615341575903,0.008000000000000007,-0.020000000000000004,0.021,0.0,0.0,0.0,,,47232,72551,66.1629,True,False,False,False,False,False,True,0.6199981083299211,0.4560715521823141,6.012255294971414,11.346724074231549,42.16965573267891,2.3794101799283176,xeon6,False,complete,True,,,,,,,,,,
case_1296,610,qlognehvi,2026-07-27T00:21:18,0.6530980392754621,0.5599054262738389,2.478551247310328,3.438994439693327,2.6653047926300513,0.5917426821750962,59.51974930561464,15.827106834248958,0.7910722645386375,3.4620995848162024,41.141388866791075,3.6371212991370867,1.6187369598621262,17.313704020481758,1.3506257598951124,18.185606495685434,2.2610904506198533,14.609662599077895,1.5113975888425193,1.7963840459975118,6.495956510623709,7.601047064635235,14.354175864110797,4.051877279685337,9.735921406984891,1.1050905540115261,3.8982668401566287,2.4557163139066382,9.42112642037031,2026-07-27T04:24:02,central_target_d10um_mobo_v1,cfd_failed,-2.0,0,0,0,0,0,0,0,0,0,0,1000,0.0,0.0,10.0,5.0,0.0,0.0,0.0,0.0,0.0,0.0,0.0,0.0,0.0,1.0,0.0,0.0,0.0,0.0,0.0,0.0,0.0,0.0,0.0,0.0,0.0,0.0,0.0,0.0,0.0,0.0,0.95,-0.05,0.0,0.0,0.0,0.0,,,59885,92410,,True,False,False,False,False,False,False,0.6061247690704937,0.45692181518977826,5.569028048487267,9.946372703599346,26.51011483618806,3.462099584816203,xeon1,True,unclassified_CFD_failure,True,6596.0,203.0,881.0,85.92953029519465,2.6083e+85,1.97609e+85,5.18501e+85,False,False,False
case_1352,659,qlognehvi,2026-07-27T03:44:14,0.5000618257168379,0.492151257623765,1.5212066684442602,6.769077575145545,4.670915105211034,0.22553804108111608,44.59049380009983,12.583413068204244,0.3191657941190936,3.6394523557509713,41.46433110109827,3.530232521962653,0.7606973839148653,33.50477349455087,2.27231056860247,17.651162609813266,1.8199511896262772,10.824537083451052,0.6104901099056433,1.3439537096197125,7.173064108395331,8.658205674176163,20.019758517188514,6.81693170580741,20.007523027824323,1.4851415657808325,6.6531881388724,3.7574521343833025,19.651527451237445,2026-07-27T04:25:32,central_target_d10um_mobo_v1,complete,0.017,107,661,17,644,0,0,0,0,644,768,1000,0.0,0.0,10.0,5.0,0.017,0.025718608169440244,0.661,0.8606770833333334,0.644,0.0,0.644,0.107,0.768,0.232,0.2200522426263238,1.372212411445236e-05,0.23771437482594143,0.3585067601004107,0.4037797838408402,1637.0309422438781,0.5824366672358998,1.0,0.5824366672358998,0.85,0.49507116715051486,323.93072356919055,578.5590029010809,0.008568113892756702,0.85,0.007282896808843197,0.18199999999999994,-0.05,0.017,0.0,0.0,0.0,,,73108,122106,56.8637,True,False,False,False,False,False,True,0.25987882022196485,0.31236001966733595,7.059592115239091,14.344354516789508,67.00126218697423,3.6394523557509713,xeon4,False,complete,True,,,,,,,,,,
case_1358,663,qlognehvi,2026-07-27T03:54:11,0.6420289935774599,0.46709362390108655,3.2363208060047,3.6221836486676926,2.940427542735733,0.22419058698976846,54.357388711228005,53.54328739108084,0.46296384527971235,4.552847612310631,49.678119283084825,2.659397672831674,2.0778117899729915,16.741325002410026,1.8022665272996474,13.29698836415837,2.923060170443336,30.1589677666944,1.1212515672061194,2.738643966966685,5.693500267935231,10.042221743477313,19.053554379975548,5.406799581898943,12.243187417816607,4.3487214755420815,3.212803020258429,6.1509880028417285,10.585886110131735,2026-07-27T04:34:22,central_target_d10um_mobo_v1,complete,0.037,379,621,37,584,0,0,0,0,584,1000,1000,0.0,0.0,10.0,5.0,0.037,0.05958132045088567,0.621,0.621,0.584,0.0,0.584,0.379,1.0,0.0,0.28693882575362345,1.2414003353864568e-05,0.31083533997932045,0.5206531742896927,0.8516220817012667,729.1966863511124,0.5521964740847541,1.0,0.5521964740847541,1.0,0.5521964740847541,423.0277750444235,807.5920000201007,0.006153149427851021,1.0,0.006153149427851021,-0.050000000000000044,-0.05,0.037,0.0,0.0,0.0,,,75578,119601,65.8791,True,False,False,False,False,False,True,0.8410762529791672,0.2904875422869208,4.142176910131741,8.867979989829411,26.075652610523747,4.552847612310631,xeon4,False,complete,True,,,,,,,,,,
case_1354,660,qlognehvi,2026-07-27T03:46:57,0.7162173284513422,0.6574596467044712,2.8675992172618034,9.86681985950725,2.411278069199504,0.3940816346836471,50.6144327280557,26.819458890244665,0.44295243801855255,4.60969326783851,36.9653435044952,8.372387947720952,2.053824250456409,30.70630349157288,2.4312176527830207,41.86193973860476,3.3015421972714347,17.45022032158669,1.986765954841839,1.5874889182274357,12.734451444568048,16.025206572389695,28.181294836304797,7.293652958349062,19.081060848401982,3.290755127821646,6.509093958881648,5.721972780604666,18.202909399281154,2026-07-27T04:35:51,central_target_d10um_mobo_v1,complete,0.001,486,465,1,464,0,0,0,0,464,951,1000,0.0,0.0,10.0,5.0,0.001,0.002150537634408602,0.465,0.4889589905362776,0.464,0.0,0.464,0.486,0.951,0.049,0.25468168255913975,3.721950296677422e-06,0.2606631493657427,0.36119111873210163,0.4098491121812682,1134.5638826084357,0.6647593401775104,1.0,0.6647593401775104,0.05,0.03323796700887552,364.4283700293857,615.8728009307042,0.008053179318702433,0.05,0.0004026589659351217,-0.0010000000000000009,-0.05,0.001,0.0,0.0,0.0,,,85864,141765,49.2931,True,False,False,False,False,False,True,0.15036504844828236,0.5558545837935079,11.689731056667318,17.780149877277356,42.87288546615914,4.60969326783851,xeon6,False,complete,True,,,,,,,,,,
case_1364,667,qlognehvi,2026-07-27T04:05:26,0.5614181947503107,0.44177120530268665,2.396180002995198,3.667164832864624,2.212611047942395,0.2195569731637802,55.14915915447142,39.28682197210128,0.1399434904076896,2.168964628423298,48.927067755917015,2.574553880584284,1.3452590515783582,12.89465291383288,1.9780865770572058,12.87276940292142,1.2176962061666865,14.098500089724467,0.747637700474911,2.159216696586805,5.827799208461962,9.585389517271615,19.475822402557643,5.934259731171617,23.546474755513778,3.757590308809654,4.5930331620994,5.73567688586686,22.837217082494533,2026-07-27T04:39:46,central_target_d10um_mobo_v1,complete,0.052,311,667,52,615,0,0,0,0,615,978,1000,0.0,0.0,10.0,5.0,0.052,0.07796101949025487,0.667,0.6820040899795501,0.615,0.0,0.615,0.311,0.978,0.022,0.24627659297601207,1.269768213967616e-05,0.26581502769457654,0.3911420093367928,0.4806387677814278,1387.736580381965,0.5893781750922001,1.0,0.5893781750922001,1.0,0.5893781750922001,362.3669264121271,637.4186023930164,0.007783087197934407,1.0,0.007783087197934407,-0.028000000000000025,-0.05,0.052,0.0,0.0,0.0,,,55146,99697,68.2022,True,False,False,False,False,False,True,0.5983924419784954,0.2571981937693998,4.585804137910618,10.380495792541709,22.967999673697328,2.168964628423298,xeon6,False,complete,True,,,,,,,,,,
case_1369,670,qlognehvi,2026-07-27T04:21:21,0.5271749541143818,0.5510437114106768,4.600635964901951,4.192859410327207,2.014298172148751,0.23615203253964845,52.28967901545164,49.38095269179358,0.7222796585184115,1.0148029609408726,48.47190722443897,3.2787552272498877,2.4253400536941605,11.985239146029475,1.5127915337173325,16.39377613624944,0.5349787043691433,38.44406106235839,1.0314794256465292,1.5077431412173632,5.950081925182025,9.394957509270554,16.958915177857214,4.538374601151998,7.973727388309284,3.4448755840885297,2.9546025503495836,4.957667117805862,6.245147333097923,2026-07-27T04:39:46,central_target_d10um_mobo_v1,complete,0.043,305,618,43,575,0,0,0,0,575,923,1000,0.0,0.0,10.0,5.0,0.043,0.06957928802588997,0.618,0.6695557963163596,0.575,0.0,0.575,0.305,0.923,0.077,0.25742655554077665,1.2998854190475085e-05,0.2648283092118769,0.43537554501166015,0.5954947471683418,1037.7925295540788,0.5476855028313173,1.0,0.5476855028313173,1.0,0.5476855028313173,369.3270434541455,692.8021005942039,0.00716535532888525,1.0,0.00716535532888525,0.026999999999999913,-0.05,0.043,0.0,0.0,0.0,,,31737,49203,62.732,True,False,False,False,False,False,True,0.5090277451559553,0.40621859584387454,6.219482169364389,11.286731053408559,22.734841730415408,1.0148029609408726,xeon6,False,complete,True,,,,,,,,,,
case_1360,664,qlognehvi,2026-07-27T03:57:05,0.8243082928867673,0.4789527291095811,4.197023603858487,5.482452643816544,4.571941287817341,0.11932908718737745,53.31895956349271,14.77464737916901,0.556738837245396,4.314367680924421,48.043380717130326,3.9200674304138583,3.4596413621020576,37.41980585319235,2.9943648259641766,19.60033715206929,3.5563690579486504,12.658231630135333,1.7063274793264167,4.447056569954978,8.18466456533537,10.475514692141196,25.447338821962077,8.98309447789253,24.118535602863208,2.290850126805827,8.686080364310302,5.285214952770003,23.532323780910303,2026-07-27T04:41:24,central_target_d10um_mobo_v1,complete,0.006,440,545,6,539,0,0,0,0,539,985,1000,0.0,0.0,10.0,5.0,0.006,0.011009174311926606,0.545,0.5532994923857868,0.539,0.0,0.539,0.44,0.985,0.015,0.3275987308697248,6.1746408321798175e-06,0.379192895392348,0.6491932699852593,1.3240301985179603,411.6220314385882,0.5594213902834919,1.0,0.5594213902834919,0.3,0.16782641708504756,501.1069550720812,976.7920007906765,0.005092728394581846,0.3,0.0015278185183745538,-0.03500000000000003,-0.05,0.006,0.0,0.0,0.0,,,84106,146081,62.1907,True,False,False,False,False,False,True,0.589079876000317,0.2772990383276476,4.755584123369175,9.92913044301942,45.395401424564575,4.314367680924421,xeon4,False,complete,True,,,,,,,,,,
case_1366,669,qlognehvi,2026-07-27T04:12:19,0.5164470633644402,0.6644970655954834,3.178808353001026,3.867224329325035,0.5345060523896212,0.11277698328315189,58.67235380619708,39.16027660664287,0.6220515869582592,0.6436345808661591,46.18902166637474,4.565098496795955,1.6416862389057327,3.672059520843105,1.2705205130982415,22.825492483979776,0.3324031891681302,28.139196339303997,1.3192543528563483,1.0029022850564373,6.870005502138645,9.27697565933799,15.6295782248292,3.8115615392947246,7.797650224184635,2.4069701571993454,2.955418080438456,3.677490670297587,6.876002573341642,2026-07-27T04:45:23,central_target_d10um_mobo_v1,complete,0.02,213,743,20,723,0,0,0,0,723,956,1000,0.0,0.0,10.0,5.0,0.02,0.026917900403768506,0.743,0.7771966527196653,0.723,0.0,0.723,0.213,0.956,0.044,0.240352248537012,1.4294607082869573e-05,0.24549347640575947,0.35359155211329557,0.3927838598569301,1891.6255883595488,0.5935909673168479,1.0,0.5935909673168479,1.0,0.5935909673168479,343.5640413939134,593.9438009550216,0.008348028633116249,1.0,0.008348028633116249,-0.006000000000000005,-0.05,0.02,0.0,0.0,0.0,,,32198,49714,64.3194,True,False,False,False,False,False,True,0.335835891342217,0.5681160053191452,8.839431610001258,13.302438893510953,7.110234100124701,0.6436345808661591,xeon5,False,complete,True,,,,,,,,,,
case_1367,669,qlognehvi,2026-07-27T04:12:19,0.514258887076148,0.3737572001608183,3.3319376210850833,3.266076693952491,4.673405155403775,0.8828806616959455,51.88132707284272,13.440244446532443,0.851388282571525,3.5395536845287054,39.91308641742177,1.748004989740163,1.7134785328263629,21.85679774786473,1.108785283115862,8.740024948700816,1.820246938552011,12.928983810959483,0.49842495184589614,1.4912404436919857,4.6768463296173035,5.4499949525054685,10.993921368084779,3.326355849347586,8.411134055294772,0.7731486228881649,3.2352564725868387,1.881933906004027,8.197896124590255,2026-07-27T04:45:23,central_target_d10um_mobo_v1,complete,0.022,0,636,22,614,50,50,0,0,614,686,1000,0.0,0.0,10.0,5.0,0.022,0.03459119496855346,0.636,0.9271137026239067,0.614,0.05,0.614,0.0,0.686,0.314,0.2340850029919812,1.3720918540422343e-05,0.2475291839865339,0.37143349837835554,0.43342305629151817,1467.3884805339696,0.5806292292015697,1.0,0.5806292292015697,1.0,0.5806292292015697,340.68531776268077,605.5185014326355,0.008189759996244272,1.0,0.008189759996244272,0.2639999999999999,0.0,0.022,0.0,0.0,0.0,,,61801,94160,53.9297,True,False,False,False,False,False,True,0.8653928775214648,0.2505069208941803,3.399075900619935,9.094342260583604,42.50154600561783,3.5395536845287054,xeon1,False,complete,True,,,,,,,,,,
case_1370,671,qlognehvi,2026-07-27T04:22:48,0.5525179117985736,0.6459698712041626,3.6716295500841376,10.735896250249903,1.117400294338458,0.9112392225415136,56.49203202246923,40.19686600682133,0.34650799080932604,0.9285143032811339,46.23726620842603,10.831485745112284,2.028641091910424,18.73633105697281,1.3493892333919901,54.15742872556142,0.5130207839239995,20.463455368762098,1.9417958841464495,0.7188433746434066,16.767787830291745,19.38053966329587,26.12748583025582,4.04816770017597,11.333035238695887,2.612751833004125,3.0921173308724215,3.962141066396115,10.6178682366801,2026-07-27T04:45:23,central_target_d10um_mobo_v1,complete,0.001,289,427,1,426,244,244,0,0,426,960,1000,0.0,0.0,10.0,5.0,0.001,0.00234192037470726,0.427,0.44479166666666664,0.426,0.244,0.426,0.289,0.96,0.04,0.29010741873536255,9.712706113074925e-06,0.2557995520823593,0.39448418229451887,0.4888876432531606,873.4113162661521,0.583438954617834,1.0,0.583438954617834,0.05,0.0291719477308917,386.77606614831734,684.5916008917268,0.007250668357234028,0.05,0.0003625334178617014,-0.010000000000000009,0.194,0.001,0.0,0.0,0.0,,,37035,59524,61.8279,True,False,False,False,False,False,True,0.08780644375204395,0.7298230595265442,19.60386353784132,30.347953382558618,33.9108120422408,0.9285143032811339,xeon6,False,complete,True,,,,,,,,,,
case_1362,666,qlognehvi,2026-07-27T04:03:57,0.7853087187869348,0.35086503226761995,1.0274253716709478,5.160677713629977,4.427841450236704,0.4739164566034739,54.30754027358578,10.671134650810535,0.469114383626963,3.6135108289876694,49.972976502738696,2.796094860790985,0.8068461022761023,35.286117409274574,2.669290275109553,13.980474303954924,2.837721559435021,10.31483891804568,1.050426728025478,4.758784648561911,7.969146548232491,9.451976449640018,22.79842782518778,8.00787082532866,23.18881490967752,1.4828299014075275,7.869384387526234,4.15212017651708,22.81405345297153,2026-07-27T04:47:14,central_target_d10um_mobo_v1,complete,0.009,284,670,9,661,18,18,0,0,661,972,1000,0.0,0.0,10.0,5.0,0.009,0.013432835820895522,0.67,0.6893004115226338,0.661,0.018,0.661,0.284,0.972,0.028,0.32936192068805953,1.0758068894597014e-05,0.3672382751901571,0.5619669798354984,0.9921365943472015,675.3102383455995,0.5828864274698191,1.0,0.5828864274698191,0.45,0.2622988923614186,493.29831307202477,891.328900687794,0.0055783094756436755,0.45,0.002510239264039654,-0.02200000000000002,-0.032,0.009,0.0,0.0,0.0,,,73313,127339,71.0338,True,False,False,False,False,False,True,0.7127887526411615,0.1808208825485275,3.560504033509406,10.147788197923512,44.932797210988554,3.6135108289876694,xeon1,False,complete,True,,,,,,,,,,
case_1372,673,qlognehvi,2026-07-27T04:25:47,0.5990658621098339,0.565729489651488,2.9594365572716783,4.239222000580312,4.937169616236131,0.2635208992291539,56.7042724877496,59.958311429821094,0.67371371150491,2.5014442420263494,37.36007323291394,3.9904936984425805,1.7728974125413168,34.82537962422557,1.783039111221476,19.9524684922129,1.4985298513691951,43.657599413902936,1.0619023415319457,1.4654045744144577,7.053713429188365,11.684237685506762,20.599433241614143,5.349117333664428,9.290344516436187,4.630524256318396,2.677928557851424,6.413563367539872,6.7213619278109515,2026-07-27T04:48:44,central_target_d10um_mobo_v1,complete,0.032,0,519,32,487,0,0,0,0,487,519,1000,0.0,0.0,10.0,5.0,0.032,0.06165703275529865,0.519,1.0,0.487,0.0,0.487,0.0,0.519,0.481,0.23873072893834288,7.850290929117539e-06,0.23749745800139968,0.3591276712801602,0.40517963744501034,1280.9133333370855,0.6252034074895058,1.0,0.6252034074895058,1.0,0.6252034074895058,336.74530963056674,597.858400279387,0.00829382156354264,1.0,0.00829382156354264,0.43099999999999994,-0.05,0.032,0.0,0.0,0.0,,,50292,78350,51.7804,True,False,False,False,False,False,True,0.3537774902783268,0.4201715014633646,6.66119361966073,11.774520758612553,58.132806135163506,2.5014442420263494,xeon4,False,complete,True,,,,,,,,,,
case_1361,665,qlognehvi,2026-07-27T04:02:16,0.6814176978967028,0.31870727063292204,1.7840464534149518,4.29985681991956,4.2401326900225085,0.4639072825134192,57.76527653128171,15.715126064979753,0.08982397734154968,2.7330535418673003,43.371223607642655,2.390402135304746,1.2156808272267938,31.802293735178644,2.6671969504191293,11.95201067652373,1.8623510527276457,10.51335535416484,0.5617918751921475,3.2342379482860117,7.5003062545690815,9.667573838444513,23.00355859054016,8.001590851257388,26.495339700318727,2.167267583875432,7.7024935813545925,4.834464534294561,26.050546606586472,2026-07-27T05:09:48,central_target_d10um_mobo_v1,complete,0.082,183,813,82,731,0,0,0,0,731,996,1000,0.0,0.0,10.0,5.0,0.082,0.1008610086100861,0.813,0.8162650602409639,0.731,0.0,0.731,0.183,0.996,0.004,0.28238830162115597,1.0837767269890548e-05,0.29789065442253077,0.44067349839068737,0.6100757174464915,1332.621470991929,0.6072747920590387,1.0,0.6072747920590387,1.0,0.6072747920590387,410.46558321279747,723.0618000401059,0.006867548880774366,1.0,0.006867548880774366,-0.04600000000000004,-0.05,0.082,0.0,0.0,0.0,,,64843,118997,62.5014,True,False,False,False,False,False,True,0.5215937691521764,0.14799458943064855,3.5079836386449577,11.00691437530885,46.670777459025736,2.7330535418673003,xeon5,False,complete,True,,,,,,,,,,
case_1376,676,qlognehvi,2026-07-27T04:40:10,0.5234901299481738,0.6715042877533995,1.8283957226195788,3.643479931012543,4.760564499372877,0.7829438983128378,59.4309293061803,53.98732993766628,0.9776158293434284,0.9634035125463085,44.04559125783105,4.493623059455996,0.9571471144308085,31.857104713329136,1.04303189158122,22.46811529727998,0.5043322299753942,53.00271003761464,1.3894823739313258,0.885722779971815,6.69187545248589,9.222960250249212,14.438119708155313,3.12909567474366,4.475119454090964,2.5310847977633215,1.8397960452808042,3.5741166893445415,2.6930250684559596,2026-07-27T05:09:48,central_target_d10um_mobo_v1,complete,0.102,309,689,102,587,0,0,0,0,587,998,1000,0.0,0.0,10.0,5.0,0.102,0.14804063860667635,0.689,0.6903807615230461,0.587,0.0,0.587,0.309,0.998,0.002,0.21793704531030464,1.3484054629330892e-05,0.23028215402949187,0.38774975607368534,0.472338057538028,1458.7010066291948,0.5744811415504876,1.0,0.5744811415504876,1.0,0.5744811415504876,317.0590266257502,605.6868017654076,0.0081875029647697,1.0,0.0081875029647697,-0.04800000000000004,-0.05,0.102,0.0,0.0,0.0,,,32906,48720,63.0671,True,False,False,False,False,False,True,0.3650552847331724,0.6107064110450228,8.583969023257174,12.783193167650351,60.85521558254218,0.9634035125463086,xeon6,False,complete,True,,,,,,,,,,
case_1380,678,qlognehvi,2026-07-27T04:45:58,0.5392113700260286,0.3516152433043992,3.931550512128784,14.48481321585099,1.0738510360000362,0.9110836360367077,56.46345852289693,53.87963024917335,0.5480070080369579,0.6135026748326505,48.368506618967196,7.87374875676628,2.119936737971496,24.046833636099304,2.113173535852688,39.3687437838314,0.33080761781114665,34.04634488661748,1.079970999888624,1.570859045968189,22.39308137716272,27.514021629778192,38.07988930904163,6.339520607558065,12.921214386472302,5.1209402526154735,3.737043278153993,7.234113788468162,10.70632424862397,2026-07-27T05:11:28,central_target_d10um_mobo_v1,complete,0.004,302,659,4,655,0,0,0,0,655,961,1000,0.0,0.0,10.0,5.0,0.004,0.006069802731411229,0.659,0.6857440166493236,0.655,0.0,0.655,0.302,0.961,0.039,0.3152726940212443,1.3906304664582681e-05,0.27606372931622297,0.40113050664656863,0.5055001127725786,1303.6594519939902,0.5734205647992938,1.0,0.5734205647992938,0.2,0.11468411295985877,419.05614711250723,716.4032009581965,0.006930936809482964,0.2,0.0013861873618965929,-0.01100000000000001,-0.05,0.004,0.0,0.0,0.0,,,38495,64286,70.4358,True,False,False,False,False,False,True,0.09241614849111146,0.40740861586980803,14.60234185415304,41.52931971015702,44.59630299512884,0.6135026748326505,xeon6,False,complete,True,,,,,,,,,,
case_1375,676,qlognehvi,2026-07-27T04:40:10,0.693975528964647,0.5080929763332029,4.134194542696358,7.765691100985499,3.655317436668086,0.3605051881403868,54.1676624387293,20.960995366869458,0.3102875823583341,1.9331581469549095,47.81331926104834,5.816939420664206,2.869029844610462,41.84816772285373,3.3224106945230876,29.08469710332103,1.34156444760535,13.401060752626826,1.4854351132478427,2.8550505919529297,11.448572784146318,15.014173871515045,31.62622734413048,9.967232083569263,29.71969299046951,3.565601087368727,9.307642252122038,6.888011781891814,28.910472931798992,2026-07-27T05:20:15,central_target_d10um_mobo_v1,complete,0.003,395,563,3,560,0,0,0,0,560,958,1000,0.0,0.0,10.0,5.0,0.003,0.0053285968028419185,0.563,0.5876826722338204,0.56,0.0,0.56,0.395,0.958,0.042,0.2986695336571936,9.161495817714027e-06,0.3373153863401846,0.5661034670514944,1.0067960478697877,559.1996523935646,0.5507397005733102,1.0,0.5507397005733102,0.15,0.08261095508599653,450.5387444834978,864.7730007968306,0.005748626360463384,0.15,0.0008622939540695075,-0.008000000000000007,-0.05,0.003,0.0,0.0,0.0,,,64137,126482,62.1271,True,False,False,False,False,False,True,0.23289677820529311,0.3422278551610004,8.382052648661242,16.4970842721596,60.302079794207835,1.9331581469549095,xeon6,False,complete,True,,,,,,,,,,
case_1371,672,qlognehvi,2026-07-27T04:24:17,0.624838539579315,0.31429762740521505,3.65249310238029,5.525893164001717,1.9093934601684819,0.29629653008489865,53.767232404692756,15.667907164531332,0.11367922871491587,4.403255348380583,42.7055096926532,2.5665422129122284,2.2822184559148218,15.592032803552875,3.532923591193174,12.832711064561142,2.7513236412769313,10.644323314891668,0.3996185129173869,2.7432097494931935,8.16596114358591,11.028277634578185,28.692895590544055,10.59877077357952,34.622824087739446,2.862316490992275,10.204954003633583,6.395240082185449,34.02706058568326,2026-07-27T05:25:25,central_target_d10um_mobo_v1,complete,0.04,0,740,40,700,0,0,0,0,700,740,1000,0.0,0.0,10.0,5.0,0.04,0.05405405405405406,0.74,1.0,0.7,0.0,0.7,0.0,0.74,0.26,0.29656214685135135,1.2552698953493788e-05,0.3069506977349356,0.47599035351431795,0.7117806466993197,1039.6461373760856,0.5676073216277475,1.0,0.5676073216277475,1.0,0.5676073216277475,426.81124392712115,772.5525006304329,0.006430433952621904,1.0,0.006430433952621904,0.20999999999999996,-0.05,0.04,0.0,0.0,0.0,,,95164,180987,56.8693,True,False,False,False,False,False,True,0.3218456568743732,0.12715251345324086,4.107528665949773,13.068914009503649,24.953698941250522,4.403255348380583,xeon1,False,complete,True,,,,,,,,,,
case_1368,670,qlognehvi,2026-07-27T04:21:21,0.5838708733811195,0.5619312396659897,2.9981507244744785,5.505640127907023,1.9253065550514985,0.5053862398788984,58.235480593192,38.8773843547748,0.01181883172500009,2.0268323766276426,46.69875071730834,5.324775939111837,1.75053288202715,18.24391544034137,2.063950655030666,26.623879695559186,1.183408389938712,10.341296946347233,1.346063959605097,1.6547564661113074,9.475849647150545,13.362201585535082,23.68195486068841,6.191851965091997,33.14722745757232,3.8863519383845384,4.820300754997386,5.950302593415204,32.60878082926181,2026-07-27T05:33:01,central_target_d10um_mobo_v1,cfd_failed,-2.0,0,0,0,0,0,0,0,0,0,0,1000,0.0,0.0,10.0,5.0,0.0,0.0,0.0,0.0,0.0,0.0,0.0,0.0,0.0,1.0,0.0,0.0,0.0,0.0,0.0,0.0,0.0,0.0,0.0,0.0,0.0,0.0,0.0,0.0,0.0,0.0,0.95,-0.05,0.0,0.0,0.0,0.0,,,60625,117988,3.02617e+65,True,False,False,True,False,False,False,0.25186156496028533,0.44856531502838687,9.119783469034443,16.22935837212969,31.2464900581412,2.0268323766276426,xeon4,True,completed_with_runaway_velocity,True,10000.0,367.0,1854.0,64.46305194216664,1.22904e+64,6.83995e+63,1.45649e+64,True,False,False
case_1365,668,qlognehvi,2026-07-27T04:09:21,0.5150705873360804,0.6597724661505301,1.0460919324756324,6.660833793948236,4.199403468325684,0.24729076008662754,58.20745854906223,46.08660205167825,0.8861323509221145,4.099837164245561,33.433976675198274,7.429710248853428,0.5388111860677592,47.289562066343436,2.3784429860132015,37.14855124426714,2.1117055361702515,41.977505512844445,0.895079213804202,0.7768683752104296,11.261018957342039,16.40123107955251,28.293446009618517,7.135328958039604,11.241356176639254,5.140212122210473,4.948852258667563,7.518655108223674,8.356908163528395,2026-07-27T05:34:32,central_target_d10um_mobo_v1,cfd_failed,-2.0,0,0,0,0,0,0,0,0,0,0,1000,0.0,0.0,10.0,5.0,0.0,0.0,0.0,0.0,0.0,0.0,0.0,0.0,0.0,1.0,0.0,0.0,0.0,0.0,0.0,0.0,0.0,0.0,0.0,0.0,0.0,0.0,0.0,0.0,0.0,0.0,0.95,-0.05,0.0,0.0,0.0,0.0,,,75259,116132,2.73085e+95,True,False,False,True,False,False,False,0.08602339819636153,0.5353512392883799,14.424644760399778,21.863059615932396,91.8118083793577,4.099837164245561,xeon5,True,completed_with_runaway_velocity,True,10000.0,275.0,1195.0,94.79034850868953,2.55878e+94,1.13563e+94,2.45924e+94,True,False,False
case_1378,678,qlognehvi,2026-07-27T04:45:58,0.5176201607779456,0.41781371258858385,4.10303302030317,2.849736176088395,2.285816052772884,0.17234485799494115,55.49750102653692,59.46154775774381,0.27769970706142444,4.771428053431105,48.10375745528448,1.9485263190795548,2.1238126116465463,10.660188034058802,1.5918547907042702,9.742631595397773,2.4697873561574086,23.73545732313011,0.5725445317273341,1.8568748436122895,4.663624625930469,8.776762575612175,16.73603652913352,4.775564372112811,14.17338952841977,4.113137949681706,2.4265430717548373,5.7049927403859755,12.974514578837333,2026-07-27T05:34:32,central_target_d10um_mobo_v1,complete,0.002,0,698,2,696,30,30,0,0,696,728,1000,0.0,0.0,10.0,5.0,0.002,0.0028653295128939827,0.698,0.9587912087912088,0.696,0.03,0.696,0.0,0.728,0.272,0.24870410012893962,1.444070837637093e-05,0.25376297990608165,0.4024666007162664,0.508873182149864,1371.6580564358328,0.5625775551181016,1.0,0.5625775551181016,0.1,0.05625775551181016,355.3158870643054,651.1707011060236,0.00761996838867102,0.1,0.0007619968388671021,0.22199999999999998,-0.020000000000000004,0.002,0.0,0.0,0.0,,,78181,124973,64.2148,True,False,False,False,False,False,True,0.8000103314295097,0.2356713449884685,3.76439417690196,9.009743011016763,20.594615205940418,4.771428053431105,xeon5,False,complete,True,,,,,,,,,,
case_1382,680,qlognehvi,2026-07-27T04:48:59,0.5919696643082089,0.32746383282925434,4.4460931613448,4.584378819324716,2.077423344280449,0.2864041810820348,59.890116209919135,46.05896176648468,0.8082651459526595,2.424016019993179,48.14912112249174,2.7825567184814353,2.6319522762043044,17.652478546453157,3.6508215515650244,13.912783592407177,1.4349439496330827,39.14520199508911,0.4361625311944938,2.7442861386691386,8.4972947834893,16.383663793524658,34.63777155134978,10.952464654695074,18.275641637403726,7.886369010035357,7.600109594597885,11.537190561600381,14.173648478924678,2026-07-27T05:43:35,central_target_d10um_mobo_v1,cfd_failed,-2.0,0,0,0,0,0,0,0,0,0,0,1000,0.0,0.0,10.0,5.0,0.0,0.0,0.0,0.0,0.0,0.0,0.0,0.0,0.0,1.0,0.0,0.0,0.0,0.0,0.0,0.0,0.0,0.0,0.0,0.0,0.0,0.0,0.0,0.0,0.0,0.0,0.95,-0.05,0.0,0.0,0.0,0.0,,,54644,93908,,True,True,False,False,False,False,False,0.2988540738234559,0.13713867962321022,4.7005055938689075,14.354274037706746,29.819903976130774,2.424016019993179,xeon4,True,simpleFoam_SIGFPE,True,1250.0,185.0,571.0,35.18917577848236,1.54588e+35,8.2693e+32,3.93533e+33,False,True,False
case_1381,679,qlognehvi,2026-07-27T04:47:29,0.5701947246531607,0.3597119331686621,2.392804689684595,4.867499275370228,3.2819259913429617,0.5956665112203237,59.51137564319221,40.407197336722874,0.38519860101410197,1.1153055467387456,46.919954652730574,3.1788900495531185,1.3643646111834993,29.003435569534233,2.479226406623596,15.894450247765592,0.6359413391268419,21.71280987486538,0.6081716035089298,2.2672736061799705,8.837321635539395,13.658541023332134,26.054673056450113,7.4376792198707875,19.733362403087124,4.821219387792739,5.663472061595178,7.300445794416335,18.33327801933853,2026-07-27T05:45:05,central_target_d10um_mobo_v1,cfd_failed,-2.0,0,0,0,0,0,0,0,0,0,0,1000,0.0,0.0,10.0,5.0,0.0,0.0,0.0,0.0,0.0,0.0,0.0,0.0,0.0,1.0,0.0,0.0,0.0,0.0,0.0,0.0,0.0,0.0,0.0,0.0,0.0,0.0,0.0,0.0,0.0,0.0,0.95,-0.05,0.0,0.0,0.0,0.0,,,42754,78931,,True,True,False,False,False,False,False,0.31928168109109145,0.21150519629436063,5.575095510549981,15.498778318082442,50.86584339617752,1.1153055467387456,xeon1,True,simpleFoam_SIGFPE,True,6861.0,146.0,767.0,97.76053330485344,5.25822e+97,2.66264e+97,5.76147e+97,False,True,False
case_1377,677,qlognehvi,2026-07-27T04:41:41,0.6687264009716531,0.3470660744424554,4.287329527410026,4.313210374100573,3.841917727945039,0.44624111433679525,58.23179338560644,25.984630397082547,0.8791382840030408,3.5482638402346973,49.63775844793592,2.6494501772420507,2.867050444644405,29.328621708720377,2.6526376407797088,13.247250886210253,2.372817707578006,24.052700537713996,0.7255235028164915,3.458655183553167,7.633849495368461,11.120450117669275,24.38363832156782,7.957912922339126,15.062778462604467,3.4866006223008146,7.153460294158599,6.139238263080523,13.754891804831798,2026-07-27T05:49:02,central_target_d10um_mobo_v1,complete,0.05,0,1000,50,950,0,0,0,0,950,1000,1000,0.0,0.0,10.0,5.0,0.05,0.05,1.0,1.0,0.95,0.0,0.95,0.0,1.0,0.0,0.2847447198321999,1.1392447009776383e-05,0.26499044335014316,0.41840448017779064,0.5499744639780588,1818.266238702848,0.6151296155478503,1.0,0.6151296155478503,1.0,0.6151296155478503,388.9723520624716,703.1492000634071,0.007060658967845059,1.0,0.007060658967845059,-0.050000000000000044,-0.05,0.05,0.0,0.0,0.0,,,65168,105797,65.1989,True,False,False,False,False,False,True,0.5483260115666738,0.17339687360388073,3.9619344673582866,11.41550488252976,43.85743058163423,3.5482638402346973,xeon4,False,complete,True,,,,,,,,,,
case_1379,678,qlognehvi,2026-07-27T04:45:58,0.5758418408951675,0.3831816482625624,2.6366969831649105,6.757384928265779,3.9775881932130486,0.20864031111937087,55.53578984038423,52.88293448863289,0.4266394054028608,4.4557179489719125,47.21729117768006,3.9931616216936163,1.5183204446684166,41.45071297662094,4.5040658060042045,19.96580810846808,2.565788826245626,28.29554967216017,0.5256042990668014,2.425663550583947,10.42106697906742,21.195750334289567,43.71607936431059,13.512197418012613,32.23230035496588,10.774683355222146,8.153875008733305,15.27874916122635,28.380997344016276,2026-07-27T05:54:15,central_target_d10um_mobo_v1,complete,0.033,258,711,33,678,0,0,0,0,678,969,1000,0.0,0.0,10.0,5.0,0.033,0.046413502109704644,0.711,0.7337461300309598,0.678,0.0,0.678,0.258,0.969,0.031,0.2605994761237697,1.262024384969058e-05,0.2876747780592677,0.44490552463878824,0.6218497585080509,1143.3629912566653,0.564137474500307,1.0,0.564137474500307,1.0,0.564137474500307,388.1608752137476,705.5050010597259,0.007037248143985539,1.0,0.007037248143985539,-0.019000000000000017,-0.05,0.033,0.0,0.0,0.0,,,104565,203410,65.6394,True,False,False,False,False,False,True,0.17487350261739684,0.17809440750320277,6.93447634073637,18.09709930571819,71.98280852982873,4.4557179489719125,xeon1,False,complete,True,,,,,,,,,,
case_1386,683,qlognehvi,2026-07-27T05:20:30,0.7865017711241105,0.38426495094837865,1.2499551150078316,7.666037405808938,4.3420399344691045,0.36332591772112466,53.86972989823199,38.838689032799046,0.5934578021903967,0.9902933898666669,47.34969932489266,4.3374309789113985,0.9830919117793008,49.011231643571726,4.151647497460371,21.687154894556993,0.7788675050626328,27.114545011457217,1.0898919093024313,4.43110823525801,11.287604992873993,19.098472047045163,39.85670953434702,12.454942492381115,26.24677236638264,7.810867054171169,9.701337451639546,11.96251455163154,23.3621768089943,2026-07-27T05:54:15,central_target_d10um_mobo_v1,complete,0.001,348,648,1,647,0,0,0,0,647,996,1000,0.0,0.0,10.0,5.0,0.001,0.0015432098765432098,0.648,0.6506024096385542,0.647,0.0,0.647,0.348,0.996,0.004,0.349958751280864,1.0957065310802455e-05,0.3441260073098758,0.5572954492540405,0.9757102472775112,664.1315921484793,0.5852830763430104,1.0,0.5852830763430104,0.05,0.02926415381715052,490.8093689256102,907.2542005150157,0.005480928448646481,0.05,0.00027404642243232405,-0.04600000000000004,-0.05,0.001,0.0,0.0,0.0,,,50065,103226,61.8141,True,False,False,False,False,False,True,0.3073386304360411,0.19740841890327535,5.514839429683813,14.351658708588975,62.31547523856462,0.9902933898666669,xeon6,False,complete,True,,,,,,,,,,
case_1392,688,qlognehvi,2026-07-27T05:45:20,0.5533143611811158,0.486539916324932,3.6662709544843173,3.1230321435626687,4.977193165032648,0.34576315312604455,55.50177988088028,39.14906470765133,0.4154377703177482,0.8612845173362498,39.794870498907244,2.480213486353366,2.0286003710973697,25.372022310818146,1.4039541309131387,12.40106743176683,0.47656109250509265,22.109622448994433,0.7638647382721722,1.5326651589856484,5.097656745386075,7.756774522184582,14.776545176750275,4.211862392739416,10.795136285391646,2.6591177767985066,3.266324764086812,4.063071907711645,10.001320617445668,2026-07-27T06:02:01,central_target_d10um_mobo_v1,complete,0.037,292,624,37,587,0,0,0,0,587,916,1000,0.0,0.0,10.0,5.0,0.037,0.05929487179487179,0.624,0.6812227074235808,0.587,0.0,0.587,0.292,0.916,0.084,0.2557426309342947,1.3393940699567322e-05,0.25983636998514953,0.43787106977896767,0.6023409327559274,1035.958152710915,0.5582349617923295,1.0,0.5582349617923295,1.0,0.5582349617923295,364.58089997098324,693.6137007387779,0.00715703112422866,1.0,0.00715703112422866,0.03399999999999992,-0.05,0.037,0.0,0.0,0.0,,,33246,53707,52.7691,True,False,False,False,False,False,True,0.6587751522423447,0.3326169361802202,4.4824672200068205,9.212948556955068,45.854624587474156,0.8612845173362498,xeon1,False,complete,True,,,,,,,,,,
case_1385,682,qlognehvi,2026-07-27T05:11:42,0.7188711244178332,0.5311312813019845,1.6407343982808547,9.082427343349197,4.455269514670863,0.7353978644614279,57.849098859671976,52.918539562197786,0.7124711100091478,2.1310975692716805,41.63787561304408,8.056713219823905,1.179476581763175,67.58183910527104,2.3527134375741734,40.283566099119525,1.531984505866444,40.57821952185058,2.01353777398836,2.0424044974897337,15.16896764218847,20.799804263423006,32.563371451293875,7.05814031272252,12.273216800686315,5.630836621234534,4.2557048322273,7.983550058808708,9.321736914070485,2026-07-27T06:03:31,central_target_d10um_mobo_v1,cfd_failed,-2.0,0,0,0,0,0,0,0,0,0,0,1000,0.0,0.0,10.0,5.0,0.0,0.0,0.0,0.0,0.0,0.0,0.0,0.0,0.0,1.0,0.0,0.0,0.0,0.0,0.0,0.0,0.0,0.0,0.0,0.0,0.0,0.0,0.0,0.0,0.0,0.0,0.95,-0.05,0.0,0.0,0.0,0.0,,,53253,85304,4.27909e+86,True,False,False,True,False,False,False,0.164567036332983,0.4964414282096212,11.207451441798433,21.10109465653225,94.01106374943237,2.1310975692716805,xeon6,True,completed_with_runaway_velocity,True,10000.0,237.0,1404.0,86.52325077625882,3.66309e+85,1.55088e+85,3.33619e+86,True,False,False
case_1357,662,qlognehvi,2026-07-27T03:52:39,0.7959851981626476,0.6125042503332654,1.4474038026881666,5.545040303277001,2.4665768416223215,0.275813110523913,58.74973491331388,27.190921441991375,0.4033568033911322,2.054956379127844,47.04247003645995,6.084515228944933,1.1521120027041098,24.502563611677882,2.339252032287333,30.422576144724665,1.6357148606556737,16.934075120189714,2.6657600102388246,2.9524921016521044,9.933833480558429,13.140646201723454,24.836906363160118,7.017756096861999,19.04089766063305,3.2068127211650252,6.242215376484371,5.546064753452358,18.215294383380538,2026-07-27T06:06:14,central_target_d10um_mobo_v1,cfd_failed,-2.0,0,0,0,0,0,0,0,0,0,0,1000,0.0,0.0,10.0,5.0,0.0,0.0,0.0,0.0,0.0,0.0,0.0,0.0,0.0,1.0,0.0,0.0,0.0,0.0,0.0,0.0,0.0,0.0,0.0,0.0,0.0,0.0,0.0,0.0,0.0,0.0,0.95,-0.05,0.0,0.0,0.0,0.0,,,51572,90278,,True,True,False,False,False,False,False,0.3820040442271847,0.4744820910754062,7.644005495315321,12.479922369773263,30.782687502527093,2.054956379127844,xeon5,True,simpleFoam_SIGFPE,True,9168.0,219.0,1066.0,98.27848608460707,4.21476e+97,2.29571e+97,1.66598e+98,False,True,False
case_1389,686,qlognehvi,2026-07-27T05:34:59,0.5604302201537676,0.6220879209443608,2.132269184844072,7.60599979661459,4.599452895923819,0.5638933227313748,53.723369335933846,11.507664378356283,0.22809033857874816,2.790959745625791,41.90874341602002,6.795440021346801,1.1949880886892579,50.24258667137119,1.9281050630930388,33.977200106734,1.5641381846813653,10.343883678522403,1.3545505259960562,1.1265756685365562,10.923600656047107,12.077565843533263,21.718091158998455,5.784315189279116,17.16497809228726,1.1539651874861558,5.668039039649881,3.0820702505791946,16.886009471725295,2026-07-27T06:15:05,central_target_d10um_mobo_v1,complete,0.036,426,529,36,493,6,4,2,0,493,961,1000,0.0,0.0,10.0,5.0,0.036,0.06805293005671077,0.529,0.5504682622268471,0.493,0.006,0.493,0.426,0.961,0.039,0.2366914259999999,8.47622983871455e-06,0.24512870492443686,0.3758285757038116,0.443740909240878,1192.1370984365121,0.5985847317358806,1.0,0.5985847317358806,1.0,0.5985847317358806,340.7505145875668,612.5200015881202,0.008096903723184907,1.0,0.008096903723184907,-0.01100000000000001,-0.044000000000000004,0.036,0.0,0.0,0.0,,,62170,102107,59.401,True,False,False,False,False,False,True,0.15561767374542737,0.5459418102073694,12.125398982735632,19.49145542695744,89.65003110928943,2.790959745625791,xeon5,False,complete,True,,,,,,,,,,
case_1388,685,qlognehvi,2026-07-27T05:33:16,0.6858734075779696,0.6718527452976647,1.443520559264213,4.485350838984717,2.595169581249064,0.511527783646964,59.392804419059914,41.728469968297894,0.6608328562648388,3.3473432278820194,43.965097708428516,5.554887952704814,0.9900723648914022,21.45689861804384,1.348342296229038,27.774439763524068,2.2958537060404804,30.967215434063455,2.3433346272238036,1.555161395828505,8.268014072404688,10.960389119073396,17.702100600218586,4.045026888687113,7.8529527021883565,2.6923750466687077,3.018834069351514,4.040717342897746,6.73360746536452,2026-07-27T06:20:15,central_target_d10um_mobo_v1,complete,0.002,0,730,2,728,0,0,0,0,728,730,1000,0.0,0.0,10.0,5.0,0.002,0.0027397260273972603,0.73,1.0,0.728,0.0,0.728,0.0,0.73,0.27,0.40647304607397244,8.18176833119179e-06,0.38191456722083406,0.6315889539516302,1.2531957820605946,582.5107381064446,0.5206018992312289,1.0,0.5206018992312289,0.1,0.05206018992312289,557.7446314462132,1038.0620000029983,0.004793578905171148,0.1,0.0004793578905171148,0.21999999999999997,-0.05,0.002,0.0,0.0,0.0,,,58479,89440,63.7807,True,False,False,False,False,False,True,0.4028863750757979,0.6010868328112596,8.098998869661438,12.054723190977173,31.284050935601606,3.3473432278820194,xeon4,False,complete,True,,,,,,,,,,
case_1393,689,qlognehvi,2026-07-27T05:49:17,0.6077463238816647,0.4415711079589338,1.5467158257004394,2.4523633293087426,4.698515751232236,0.578468801652703,52.03652555522088,50.58247268844645,0.4146395179301321,4.437303213081593,45.06343182495251,1.656225549101657,0.9400108571590358,17.622986852597936,1.0398475977276336,8.281127745508286,2.6967547156986376,26.82709691195019,0.9095268932554554,2.2278743676801334,3.750756150594179,6.1607257665538295,11.359963755191998,3.1195427931829007,7.6441837128917305,2.40996961595965,1.9808063228520523,3.449817213687284,6.821459215489462,2026-07-27T06:22:58,central_target_d10um_mobo_v1,complete,0.047,323,628,47,581,49,49,0,0,581,1000,1000,0.0,0.0,10.0,5.0,0.047,0.07484076433121019,0.628,0.628,0.581,0.049,0.581,0.323,1.0,0.0,0.26093923262738816,1.3162706836842345e-05,0.2843861266793058,0.4265645674007909,0.5716358117031984,1098.6015696407535,0.5875857336551025,1.0,0.5875857336551025,1.0,0.5875857336551025,385.95952164065784,687.5038000720596,0.007220176986003134,1.0,0.007220176986003134,-0.050000000000000044,-0.0010000000000000009,0.047,0.0,0.0,0.0,,,69717,106257,62.0739,True,False,False,False,False,False,True,1.7590389751139857,0.2898981729178721,2.725192212637955,6.171581798534243,28.99727429043131,4.437303213081593,xeon4,False,complete,True,,,,,,,,,,
case_1387,684,qlognehvi,2026-07-27T05:25:40,0.5225567943995785,0.6215809311628963,2.46234827110169,3.0872495357960528,3.0384258805990054,0.6975962514886097,57.31034670526196,32.09592116618735,0.8874531360751259,3.4374763553273056,47.37605216072097,3.315110455586704,1.2867168192422433,16.204997451344383,1.0055165805486415,16.57555227793352,1.796276625064183,29.60909453340172,1.2943729801732369,1.1441507660674493,5.33335289000029,6.936161218159077,11.963744120902284,3.0165497416459246,5.279156349419505,1.6028083281587868,2.5554995220130503,2.608324908707428,4.589785717463579,2026-07-27T06:25:43,central_target_d10um_mobo_v1,complete,0.028,321,625,28,597,0,0,0,0,597,946,1000,0.0,0.0,10.0,5.0,0.028,0.0448,0.625,0.6606765327695561,0.597,0.0,0.597,0.321,0.946,0.054,0.22942107449599985,1.2214419871230898e-05,0.2512199888490393,0.38154312639100385,0.45733784470698813,1366.6045949038646,0.5779856655032479,1.0,0.5779856655032479,1.0,0.5779856655032479,340.21392148088626,610.964201046022,0.008117354858462664,1.0,0.008117354858462664,0.0040000000000000036,-0.05,0.028,0.0,0.0,0.0,,,58059,87101,66.5338,True,False,False,False,False,False,True,0.6248306272171003,0.5308018764093184,6.344019427392174,10.206264557574743,31.010978375975462,3.4374763553273056,xeon1,False,complete,True,,,,,,,,,,
case_1395,690,qlognehvi,2026-07-27T05:54:40,0.621144881071746,0.602194023872054,2.765444206906084,4.599783856143256,3.957211903825781,0.6569564571669093,55.042441530820234,37.687566097106895,0.21614221821924662,3.8666839460362645,48.064067184694316,4.336209318341411,1.7177415130092284,28.494635369657342,1.296552711410077,21.681046591707055,2.4017709398027254,15.984451953320693,1.8362007844064099,1.6592843711613856,7.200684740210424,9.57864793493562,16.061411491986007,3.889658134230231,13.343607736854047,2.3779631947251967,3.0781051713214316,3.674515906135274,12.8276966089236,2026-07-27T06:30:53,central_target_d10um_mobo_v1,complete,0.01,428,536,10,526,0,0,0,0,526,964,1000,0.0,0.0,10.0,5.0,0.01,0.018656716417910446,0.536,0.5560165975103735,0.526,0.0,0.526,0.428,0.964,0.036,0.2581316732742537,8.95013610362239e-06,0.2832832517698426,0.46220932804941406,0.6711618840909565,798.6150773832693,0.5733534571076545,1.0,0.5733534571076545,0.5,0.28667672855382725,383.25104247838266,720.341001243894,0.006893309479852171,0.5,0.0034466547399260856,-0.014000000000000012,-0.05,0.01,0.0,0.0,0.0,,,69451,109516,65.2918,True,False,False,False,False,False,True,0.518082077673935,0.5253064174744416,6.980995014978723,11.592600952914722,45.87437848717622,3.866683946036265,xeon6,False,complete,True,,,,,,,,,,
case_1390,686,qlognehvi,2026-07-27T05:34:59,0.559764828218621,0.43711892324753404,2.311379649170351,6.4050209812492644,1.3611619303696343,0.3194454141547656,50.18914789931089,47.60374344421635,0.21475102475665808,3.280014855446874,49.63830253799355,3.603761260993273,1.2938290322658579,11.221894943740768,2.797064567219329,18.018806304966365,1.8360369521137443,18.075442439331923,0.7424441334418452,2.1893215599721976,8.244349693715996,14.441241164745716,28.42656400084236,8.391193701657986,28.987607624478077,6.19689147102972,5.657797083231579,8.993956038249049,27.55703450251393,2026-07-27T06:33:37,central_target_d10um_mobo_v1,complete,0.012,292,681,12,669,0,0,0,0,669,973,1000,0.0,0.0,10.0,5.0,0.012,0.01762114537444934,0.681,0.6998972250770812,0.669,0.0,0.669,0.292,0.973,0.027,0.2536210232138034,1.3087498276136552e-05,0.27800708393274487,0.42224797794848035,0.5601250938798508,1215.7998408585447,0.570017849770658,1.0,0.570017849770658,0.6,0.34201070986239474,376.3131173691496,675.8690014595126,0.007343556527440649,0.6,0.004406133916464389,-0.02300000000000002,-0.05,0.012,0.0,0.0,0.0,,,77202,145741,67.7252,True,False,False,False,False,False,True,0.30328479091085386,0.25324129247766336,6.437991598117689,14.728238142350907,20.047517060786035,3.280014855446874,xeon5,False,complete,True,,,,,,,,,,
case_1394,690,qlognehvi,2026-07-27T05:54:40,0.5434052206345841,0.5566660593189454,1.7306945384778145,4.8296869406497285,4.691959665394228,0.5870305381709495,48.716874034201574,45.0206963121343,0.0715554866540582,3.5812084853115707,46.53759680016117,3.3645948233321894,0.9404684475326065,28.35909058436748,1.2806516049924972,16.822974116660948,1.9460473870991788,12.505922967578751,1.1654211873547575,1.4248944576980578,6.044188911838117,8.761842350346669,15.165100375309155,3.8419548149774916,18.46446437560993,2.717653438508552,2.715690812388512,3.998305043501049,18.02636961390957,2026-07-27T06:33:37,central_target_d10um_mobo_v1,complete,0.016,371,609,16,593,0,0,0,0,593,980,1000,0.0,0.0,10.0,5.0,0.016,0.026272577996715927,0.609,0.6214285714285714,0.593,0.0,0.593,0.371,0.98,0.02,0.2432397138830873,1.218259742636125e-05,0.2699472330651061,0.44694908685437557,0.6275755008269446,970.4011695764606,0.5486977908061877,1.0,0.5486977908061877,0.8,0.4389582326449502,363.36905096313365,690.1888009927359,0.00719229077462116,0.8,0.005753832619696929,-0.030000000000000027,-0.05,0.016,0.0,0.0,0.0,,,68005,110916,64.767,True,False,False,False,False,False,True,0.5461554118418509,0.4499147389935157,6.191686600660634,11.12280243605272,52.187740396108026,3.5812084853115707,xeon1,False,complete,True,,,,,,,,,,
case_1374,675,qlognehvi,2026-07-27T04:36:05,0.6986336934318917,0.6782103769139509,4.13019876181612,7.095105288134487,4.6417349264098355,0.3384209458218215,58.92654427055198,13.008195748505255,0.5652430181545192,4.354560289889501,47.31066380012269,8.459083098892352,2.8854960155754217,57.89475183820959,2.33213606736997,42.29541549446176,3.0422425385973515,11.700361644084703,2.5058718345240267,1.8468330039939076,12.472653599585977,14.047478120882639,25.708158457732488,6.99640820210991,19.265711422320763,1.5748245212966623,6.816865515592453,3.906960588666632,18.865399427702197,2026-07-27T06:40:12,central_target_d10um_mobo_v1,cfd_failed,-2.0,0,0,0,0,0,0,0,0,0,0,1000,0.0,0.0,10.0,5.0,0.0,0.0,0.0,0.0,0.0,0.0,0.0,0.0,0.0,1.0,0.0,0.0,0.0,0.0,0.0,0.0,0.0,0.0,0.0,0.0,0.0,0.0,0.0,0.0,0.0,0.0,0.95,-0.05,0.0,0.0,0.0,0.0,,,83994,138094,,True,True,False,False,False,False,False,0.18578521485377442,0.5757045164995058,12.108037700470582,17.852923093812834,82.86853666305977,4.354560289889501,xeon6,True,simpleFoam_SIGFPE,True,5627.0,155.0,677.0,97.65313626427309,3.80785e+97,1.63203e+97,4.49921e+97,False,True,False
case_1397,692,qlognehvi,2026-07-27T06:03:47,0.508439177610772,0.5322828990546941,1.5650324614470112,8.251040798496103,4.683694236276734,0.5626327928727344,59.960259058792175,40.51614277597612,0.798421483850074,3.1585463944101804,38.25789834481899,7.865436076787632,0.7957238176322805,69.20999657151853,3.148067989052406,39.32718038393816,1.605928731219381,34.36474399657557,0.7954326214601247,1.0688006175416302,14.776796494413452,20.912339414237888,36.65267935949991,9.444203967157218,16.446912890882967,6.135542919824436,7.179700665923361,9.283610908876842,13.576284916459112,2026-07-27T06:40:12,central_target_d10um_mobo_v1,cfd_failed,-2.0,0,0,0,0,0,0,0,0,0,0,1000,0.0,0.0,10.0,5.0,0.0,0.0,0.0,0.0,0.0,0.0,0.0,0.0,0.0,1.0,0.0,0.0,0.0,0.0,0.0,0.0,0.0,0.0,0.0,0.0,0.0,0.0,0.0,0.0,0.0,0.0,0.95,-0.05,0.0,0.0,0.0,0.0,,,70883,115728,,True,True,False,False,False,False,False,0.06821135284993068,0.42668084916566384,15.469767915502569,29.063056399099143,136.12246974504632,3.1585463944101804,xeon6,True,simpleFoam_SIGFPE,True,4264.0,124.0,517.0,98.0994389155535,4.92555e+97,2.24062e+97,1.03324e+98,False,True,False
case_1398,693,qlognehvi,2026-07-27T06:06:30,0.630980406749966,0.6320879977367035,2.896290500539156,8.85977909268766,4.263798497664921,0.5588184455915798,52.95077955692245,19.153558597388944,0.5411687426672567,2.4458760671432693,47.1010442847337,7.817230594698586,1.8275025580962594,52.73173384864708,2.125049656663858,39.08615297349293,1.5432998757060672,14.953619797080032,1.978897734943662,1.5558905464706971,12.36731376436427,14.459006959242066,25.084255242561355,6.375148969991574,16.341617444369685,2.091693194877795,6.022237455305674,4.216742851541653,15.788208904815646,2026-07-27T06:41:51,central_target_d10um_mobo_v1,complete,0.021,431,524,21,503,0,0,0,0,503,955,1000,0.0,0.0,10.0,5.0,0.021,0.04007633587786259,0.524,0.5486910994764398,0.503,0.0,0.503,0.431,0.955,0.045,0.2620156445591605,9.182935044045807e-06,0.2783690477783613,0.42634445723852804,0.5710460281244991,917.614297609225,0.5967706125530331,1.0,0.5967706125530331,1.0,0.5967706125530331,382.28461234937265,688.3601016399708,0.007211260048240076,1.0,0.007211260048240076,-0.0050000000000000044,-0.05,0.021,0.0,0.0,0.0,,,58712,97007,63.103,True,False,False,False,False,False,True,0.1717973190209128,0.5598348691344689,12.389022719363554,19.600154984313125,83.57111137611393,2.4458760671432693,xeon5,False,complete,True,,,,,,,,,,
case_1384,681,qlognehvi,2026-07-27T05:10:13,0.6597771077629968,0.6509029169226309,1.7792670219439297,3.462470281781565,4.4550519234506005,0.5882764186757061,57.53460964146719,54.36697945863923,0.8060137170335474,4.502036029792741,39.983240971330595,3.9718216179318726,1.1739196496762465,27.184809099070804,1.0536051121188865,19.85910808965936,2.9703403107814594,45.76039402700885,1.8803951186497556,1.4003583979075211,6.1020184649195235,8.671018979774072,13.939044540368506,3.1608153363566593,5.056478820937699,2.569000514854549,1.8414640765501027,3.622605626973436,3.5277055628286087,2026-07-27T06:49:28,central_target_d10um_mobo_v1,complete,0.0,393,598,0,598,0,0,0,0,598,991,1000,0.0,0.0,10.0,5.0,0.0,0.0,0.598,0.6034308779011099,0.598,0.0,0.598,0.393,0.991,0.009,0.2607131832775921,1.132806292881906e-05,0.27915940292165586,0.46205161869074063,0.6707039510908073,891.6005325858534,0.5881264155613554,1.0,0.5881264155613554,0.0,0.0,381.97033432275293,722.7648020154633,0.006870351501134788,0.0,0.0,-0.041000000000000036,-0.05,0.0,0.0,0.0,0.0,,,71593,107448,57.4602,True,False,False,False,False,False,True,0.6323660146209936,0.5731595223962406,6.019944570975656,9.248605920276143,41.20301959436284,4.502036029792741,xeon6,False,complete,True,,,,,,,,,,
case_1391,687,qlognehvi,2026-07-27T05:43:50,0.6608459458473523,0.3857413220983284,3.4352565731317575,4.471726926507631,2.6873007569084804,0.38291636415681274,59.994433370455035,26.032892782786444,0.8645652604695564,0.9297594315766263,48.949781736222775,3.2419115036894315,2.2701753792995905,22.585060864892682,2.9514993210270655,16.209557518447156,0.6144277509707523,23.861482124830232,0.8237783440629703,3.2057326293165005,8.404366651864805,12.290491237948125,27.04798784308345,8.854497963081197,16.90276795283683,3.8861245860833202,7.956140388382285,6.837623907110386,15.45802263461793,2026-07-27T06:50:58,central_target_d10um_mobo_v1,cfd_failed,-2.0,0,0,0,0,0,0,0,0,0,0,1000,0.0,0.0,10.0,5.0,0.0,0.0,0.0,0.0,0.0,0.0,0.0,0.0,0.0,1.0,0.0,0.0,0.0,0.0,0.0,0.0,0.0,0.0,0.0,0.0,0.0,0.0,0.0,0.0,0.0,0.0,0.95,-0.05,0.0,0.0,0.0,0.0,,,35965,64322,,True,True,False,False,False,False,False,0.41582149619161873,0.20443630740930427,4.905699314736017,12.717588274054593,34.175984594917324,0.9297594315766263,xeon4,True,simpleFoam_SIGFPE,True,4700.0,113.0,538.0,98.52433120028866,5.68002e+97,4.57859e+97,2.21249e+98,False,True,False
case_1403,698,qlognehvi,2026-07-27T06:31:09,0.5941453955724967,0.6180166331354624,3.583951189854887,3.2774397594181686,4.883590902825878,0.6126739578805888,56.16961890883465,39.55353501094373,0.7562223990764413,1.7148591306323653,40.252197025372496,3.3893980135058914,2.1293880974088517,26.783151807477914,1.036763897264027,16.946990067529455,1.0188756565206745,32.34904514716547,1.4124184190510771,1.2659861954914342,5.484315197650956,7.464945585885719,12.648765072205853,3.1102916917920806,5.639191430338273,1.9806303882347636,2.398127951805711,3.0173942854987903,4.764012144594078,2026-07-27T06:50:58,central_target_d10um_mobo_v1,complete,0.027,393,515,27,488,0,0,0,0,488,908,1000,0.0,0.0,10.0,5.0,0.027,0.05242718446601942,0.515,0.5671806167400881,0.488,0.0,0.488,0.393,0.908,0.092,0.23946040376699051,7.481129749728148e-06,0.2537540797096865,0.4018815985410289,0.5073949200328584,1014.9884826727259,0.5965153545876458,1.0,0.5965153545876458,1.0,0.5965153545876458,348.9017311472204,641.3420019784286,0.0077358426107156705,1.0,0.0077358426107156705,0.041999999999999926,-0.05,0.027,0.0,0.0,0.0,,,39796,59964,54.0966,True,False,False,False,False,False,True,0.652254536315955,0.5273357174574339,5.704660910886959,9.230594461422141,45.07844713947611,1.7148591306323653,xeon6,False,complete,True,,,,,,,,,,
case_1400,695,qlognehvi,2026-07-27T06:20:30,0.508575250614923,0.6166282767156972,3.756177791270236,8.06099230199695,4.741752499581459,0.051931365203690794,54.88726671620185,59.873991295056626,0.9032900689989523,4.553372408128156,25.2989379256856,7.382761207441831,1.9102990615494684,56.77200954139956,3.4555255876744395,36.913806037209156,2.3157325136068523,55.050681038164846,0.5364990754110273,0.6969290750616394,11.972790555055472,20.939088245725813,38.216716184098004,10.366576763023318,15.154865676279082,8.966297690670343,5.2030202292451895,12.421823278344782,8.681489509734693,2026-07-27T07:02:28,central_target_d10um_mobo_v1,complete,0.025,474,480,25,455,0,0,0,0,455,954,1000,0.0,0.0,10.0,5.0,0.025,0.052083333333333336,0.48,0.5031446540880503,0.455,0.0,0.455,0.474,0.954,0.046,0.2063752988708333,4.969753010131749e-06,0.18354306481035185,0.2729682011399607,0.2340852171665298,2050.535295693298,0.6507318940142921,1.0,0.6507318940142921,1.0,0.6507318940142921,276.18620647798696,479.34350005705534,0.010323251988332668,1.0,0.010323251988332668,-0.0040000000000000036,-0.05,0.025,0.0,0.0,0.0,,,83256,130646,35.4412,True,False,False,False,False,False,True,0.05221919970142088,0.4349658107003909,14.516556199923741,23.54182697757915,111.62951691565014,4.553372408128156,xeon4,False,complete,True,,,,,,,,,,
case_1408,701,qlognehvi,2026-07-27T06:42:07,0.6020859021274798,0.6372092843881101,3.2691138502393406,4.393425662500924,4.684976498671039,0.5416280728074422,52.39187279026518,18.05421961754093,0.904500751670051,1.937142634157122,46.52990956167516,4.017854137921875,1.9682873616787924,29.54061196601643,1.1317991500509934,20.08927068960937,1.1663262704360935,17.285047698181444,1.7616625250956461,1.4177746517332415,6.305391707812419,7.357682593367108,13.016678343622074,3.3953974501529802,7.350727364281944,1.052290885554689,3.2282205216936295,2.1840900356056823,7.018756549444592,2026-07-27T07:06:27,central_target_d10um_mobo_v1,complete,0.043,463,528,43,485,0,0,0,0,485,991,1000,0.0,0.0,10.0,5.0,0.043,0.08143939393939394,0.528,0.5327951564076691,0.485,0.0,0.485,0.463,0.991,0.009,0.2621921553625,8.821006334479176e-06,0.27820657149552974,0.4460843468968704,0.6251494319956834,844.598064041184,0.574416133913273,1.0,0.574416133913273,1.0,0.574416133913273,382.2873563626461,708.2765020243636,0.007009904273881734,1.0,0.007009904273881734,-0.041000000000000036,-0.05,0.043,0.0,0.0,0.0,,,42625,65002,61.703,True,False,False,False,False,False,True,0.5789396046979848,0.5540799918722396,6.673224076040852,10.472578224356724,49.06378286160533,1.9371426341571223,xeon5,False,complete,True,,,,,,,,,,
case_1405,699,qlognehvi,2026-07-27T06:34:03,0.5120546310699543,0.3473389712517978,3.714502098266693,4.528990985512648,4.84815973333811,0.0360341695302594,50.08133001435839,35.366182242863694,0.16546312830450627,4.384179718859967,29.65897371242152,2.0580118000042726,1.9020280015365225,28.725742762341284,2.799791635937543,10.290059000021364,2.244939528485216,14.197167867046444,0.2099264443698402,1.255924593181764,5.925081751083871,10.786639591629404,24.78559777131712,8.399374907812629,31.237732047851544,4.861557840545533,6.849434590170393,7.6613494764830765,30.283652812904915,2026-07-27T07:27:41,central_target_d10um_mobo_v1,complete,0.007,0,692,7,685,0,0,0,0,685,692,1000,0.0,0.0,10.0,5.0,0.007,0.010115606936416185,0.692,1.0,0.685,0.0,0.685,0.0,0.692,0.308,0.23576068501589592,1.1766473749513713e-05,0.23802418634909006,0.3784753152129726,0.4500129290450338,1537.733596829059,0.5749999011344549,1.0,0.5749999011344549,0.35,0.2012499653970592,335.0203188237405,614.2360004823374,0.008074465948532358,0.35,0.002826063081986325,0.258,-0.05,0.007,0.0,0.0,0.0,,,92240,169601,40.1954,True,False,False,False,False,False,True,0.26294826271902694,0.14321130796515188,4.019125450938686,11.571190633904093,56.098980498072905,4.384179718859967,xeon1,False,complete,True,,,,,,,,,,
case_1406,700,qlognehvi,2026-07-27T06:40:37,0.5911371506035255,0.32792620358743224,3.026069400751793,14.156806838746123,1.9179799186471824,0.8361855866774341,56.63121511426413,42.14133031720729,0.5705394888824618,2.189747887371398,48.69927734705201,7.2427535090390105,1.7888220430889328,42.361530228689006,3.103996497858015,36.213767545195054,1.2944413266808177,28.33789817118182,0.9351690598226267,2.272578236190189,22.086534805102684,28.334522815974175,43.85450530526425,9.311989493574044,19.70205564498947,6.247988010871493,6.904766045597741,9.351984508729508,17.34103175669616,2026-07-27T07:31:37,central_target_d10um_mobo_v1,complete,0.006,318,644,6,638,0,0,0,0,638,962,1000,0.0,0.0,10.0,5.0,0.006,0.009316770186335404,0.644,0.6694386694386695,0.638,0.0,0.638,0.318,0.962,0.038,0.26839492874534165,1.3171680133540375e-05,0.2960545591981471,0.45397217203605306,0.6474531327127423,994.6665904630438,0.5656223112722035,1.0,0.5656223112722035,0.3,0.16968669338166106,399.60497991356334,722.3671010967449,0.00687410798819586,0.3,0.002062232396458758,-0.01200000000000001,-0.05,0.006,0.0,0.0,0.0,,,58359,103122,66.4278,True,False,False,False,False,False,True,0.09457614246671604,0.2915345173807889,12.252238759896029,37.36279268280345,71.66108607019491,2.189747887371398,xeon6,False,complete,True,,,,,,,,,,
case_1411,703,qlognehvi,2026-07-27T06:51:25,0.6063915557531812,0.6677799251019629,1.4260171230218286,11.666255389300106,4.36019665483639,0.4271491327667377,47.939588603998374,12.454526968067261,0.7243086946014126,3.3253507671177216,43.66140243434718,9.038828615666924,0.8647247417598821,59.01805192429632,2.430300524163754,45.19414307833462,2.0164646250975498,11.777835224104761,1.746268026617276,1.2799840077079392,13.535639925514069,15.108030058661562,27.259532679480333,7.290901572491262,19.60975093774151,1.5723901331474928,7.119328269502395,4.002690657311247,19.19689556522427,2026-07-27T07:36:45,central_target_d10um_mobo_v1,complete,0.004,425,534,4,530,0,0,0,0,530,959,1000,0.0,0.0,10.0,5.0,0.004,0.00749063670411985,0.534,0.556830031282586,0.53,0.0,0.53,0.425,0.959,0.041,0.24640193234082394,9.223713891722841e-06,0.2789108505719545,0.45875706968940877,0.6611734605958658,807.654922384129,0.5693022938476907,1.0,0.5693022938476907,0.2,0.11386045876953815,372.16283386864416,705.1590019301976,0.007040676787043609,0.2,0.001408135357408722,-0.009000000000000008,-0.05,0.004,0.0,0.0,0.0,,,74192,123816,59.7925,True,False,False,False,False,False,True,0.11339279898725019,0.5770398522034051,14.905927580802244,22.32161677895044,97.32663881011953,3.325350767117722,xeon6,False,complete,True,,,,,,,,,,
case_1409,702,qlognehvi,2026-07-27T06:49:44,0.5868057900033142,0.6373105851984772,2.030668841766645,8.31993124628548,3.8838362557745296,0.4003923798266962,58.51886084177039,13.793402863680413,0.9440716987921695,1.9802148213724002,47.986125270637864,9.033072643384257,1.1916082339279914,55.04847377122252,2.88316630082858,45.165363216921286,1.162001522631703,13.581244285717847,1.6394757993864597,1.475147924332092,14.173737033680515,16.235964729001033,30.651796233143934,8.649498902485739,21.060008639140392,2.062227695320516,8.400062392432275,4.945393996149096,20.47112703549857,2026-07-27T07:40:41,central_target_d10um_mobo_v1,cfd_failed,-2.0,0,0,0,0,0,0,0,0,0,0,1000,0.0,0.0,10.0,5.0,0.0,0.0,0.0,0.0,0.0,0.0,0.0,0.0,0.0,1.0,0.0,0.0,0.0,0.0,0.0,0.0,0.0,0.0,0.0,0.0,0.0,0.0,0.0,0.0,0.0,0.0,0.95,-0.05,0.0,0.0,0.0,0.0,,,58328,102899,,True,True,False,False,False,False,False,0.10659402993955522,0.5263800525570672,15.393632437289412,24.154051093463927,93.81037936062562,1.9802148213724002,xeon6,True,simpleFoam_SIGFPE,True,7517.0,216.0,917.0,97.75648016016454,2.41931e+97,1.12801e+97,5.70795e+97,False,True,False
case_1373,674,qlognehvi,2026-07-27T04:34:37,0.5890225681012142,0.6513145915836803,3.2186042081369024,4.358317856372052,2.7490614390801333,0.1492021550706225,59.776784470849,48.53604596519145,0.43930965593193416,3.1820035627196703,38.13203922086352,5.256361512010991,1.8958305163781732,22.185992651260644,1.6925720442268983,26.281807560054954,1.8742719102203533,26.929257093945456,1.3228830685447939,1.170879052138819,8.070388073496213,11.875488604435102,20.338348825569597,5.077716132680695,12.13908939531797,3.805100530938888,3.362203306395137,5.497672575165787,10.822804054578055,2026-07-27T07:42:12,central_target_d10um_mobo_v1,cfd_failed,-2.0,0,0,0,0,0,0,0,0,0,0,1000,0.0,0.0,10.0,5.0,0.0,0.0,0.0,0.0,0.0,0.0,0.0,0.0,0.0,1.0,0.0,0.0,0.0,0.0,0.0,0.0,0.0,0.0,0.0,0.0,0.0,0.0,0.0,0.0,0.0,0.0,0.95,-0.05,0.0,0.0,0.0,0.0,,,60139,95800,,True,True,False,False,False,False,False,0.25400945437470046,0.5304768476402044,8.92387116669487,13.701322344086218,37.66577692053445,3.1820035627196703,xeon4,True,simpleFoam_SIGFPE,True,8941.0,167.0,807.0,97.99192039155885,3.60836e+97,2.2252e+97,7.03278e+97,False,True,False
case_1353,659,qlognehvi,2026-07-27T03:44:14,0.5385034653451379,0.5599157671880474,3.6274185700372956,2.7281351045091675,3.229187472544224,0.1707906472745192,59.11827453531181,45.13513292848581,0.686250932167236,4.0168786378372445,43.57324952447951,2.855674696366793,1.9533774702223887,16.469457542659523,1.2027512662277644,14.278373481833967,2.1631030663462134,34.11151772399313,1.0235122850366536,1.3582481520013663,5.100186248921468,7.657617439244261,13.671373770383083,3.608253798683293,6.704967849134053,2.557431190322793,2.5453960757564933,3.7601824565505573,5.5513621527847326,2026-07-27T07:46:10,central_target_d10um_mobo_v1,cfd_failed,-2.0,0,0,0,0,0,0,0,0,0,0,1000,0.0,0.0,10.0,5.0,0.0,0.0,0.0,0.0,0.0,0.0,0.0,0.0,0.0,1.0,0.0,0.0,0.0,0.0,0.0,0.0,0.0,0.0,0.0,0.0,0.0,0.0,0.0,0.0,0.0,0.0,0.95,-0.05,0.0,0.0,0.0,0.0,,,65685,99416,,True,False,False,False,False,False,False,0.6658470347390905,0.42972931665180536,5.302982952090257,9.47103700744554,30.583754056445876,4.0168786378372445,xeon1,True,unclassified_CFD_failure,True,2673.0,191.0,1182.0,25.586965178952187,1.19541e+25,9.9261e+24,3.53204e+25,False,False,False
case_1404,699,qlognehvi,2026-07-27T06:34:03,0.5138011527691282,0.45849385811134125,4.754642921449754,9.106014059317467,3.89873477573285,0.35345491255231143,53.16131840455637,49.776839682207225,0.5165692390064234,4.613590356271144,48.293165011460985,5.808633133920466,2.4429410140464594,49.39285357491168,4.142410284791664,29.04316566960233,2.370468043456647,30.54749180471829,0.6671193082782845,1.7360088962519806,12.668944264265129,22.15757068152991,42.86962210548823,12.427230854374992,26.819425073995983,9.488626417264783,8.025087876248751,13.631036702056447,23.09710803816951,2026-07-27T07:46:10,central_target_d10um_mobo_v1,complete,0.042,296,657,42,615,0,0,0,0,615,953,1000,0.0,0.0,10.0,5.0,0.042,0.0639269406392694,0.657,0.689401888772298,0.615,0.0,0.615,0.296,0.953,0.047,0.24350994843074603,1.3263988341126335e-05,0.2581590620282528,0.3914652533808023,0.48143350632852394,1364.6744386579353,0.5675690043048304,1.0,0.5675690043048304,1.0,0.5675690043048304,354.8847650547782,634.975202035947,0.007812802721251618,1.0,0.007812802721251618,-0.0030000000000000027,-0.05,0.042,0.0,0.0,0.0,,,98606,179401,63.9233,True,False,False,False,False,False,True,0.10489492861922732,0.27760454353648806,11.305216235142474,24.65729046341358,96.13223580505648,4.613590356271144,xeon5,False,complete,True,,,,,,,,,,
case_1410,703,qlognehvi,2026-07-27T06:51:25,0.5328628583390373,0.3577700783895656,2.2103577186020194,11.187551488028667,4.499654359552928,0.5604561047607689,44.90777936765708,23.24261815264863,0.11043975999482358,3.150886063255358,43.65432236086005,4.180349547404554,1.1778175318860256,52.576023545916,3.41929738308994,20.90174773702277,1.678990153966887,11.46251157048161,0.476496133047591,1.8599688378675054,11.68445825939835,15.732483855236241,32.82897077068594,10.25789214926982,37.57583573050922,4.048025595837892,9.425382757293875,7.467322978927832,36.826383454998535,2026-07-27T07:47:52,central_target_d10um_mobo_v1,complete,0.016,253,713,16,697,0,0,0,0,697,966,1000,0.0,0.0,10.0,5.0,0.016,0.02244039270687237,0.713,0.7380952380952381,0.697,0.0,0.697,0.253,0.966,0.034,0.24993741627349245,1.4142052939799447e-05,0.2659087395090628,0.41120158432353016,0.5312016694717152,1342.239757471178,0.5644348354400379,1.0,0.5644348354400379,0.8,0.45154786835203037,364.9331034597509,661.1390009091978,0.007505940942019031,0.8,0.006004752753615225,-0.016000000000000014,-0.05,0.016,0.0,0.0,0.0,,,89153,176892,58.2699,True,False,False,False,False,False,True,0.1446548709656402,0.20393891583188054,7.845075861423204,21.927702553372633,98.66708238926304,3.150886063255358,xeon4,False,complete,True,,,,,,,,,,
case_1413,705,qlognehvi,2026-07-27T07:06:43,0.5604005963775596,0.5383097454333526,3.05032906369974,8.205634127918001,4.907174174600004,0.7238478771638089,55.87412415039781,12.360104413774172,0.0553895397790084,3.5671448656194316,45.349795093720886,6.8194635957726835,1.7094062264451373,62.1655021587265,2.062861392554647,34.097317978863416,1.999030110058279,10.130725097309357,1.3209027874486814,1.363660395121437,12.668289314143564,13.992987994567157,24.307294957340396,6.188584177663941,19.259029052257112,1.324698680423593,6.045142473930326,3.38756007297824,18.958761478209674,2026-07-27T07:55:30,central_target_d10um_mobo_v1,complete,0.018,411,541,18,523,0,0,0,0,523,952,1000,0.0,0.0,10.0,5.0,0.018,0.033271719038817,0.541,0.5682773109243697,0.523,0.0,0.523,0.411,0.952,0.048,0.24667928996487976,8.979722148214425e-06,0.26223554969308893,0.41039771289093435,0.5291267725466159,1022.439286895728,0.5772574911052606,1.0,0.5772574911052606,0.9,0.5195317419947345,360.0252153683811,657.0770025066971,0.0075519916581748715,0.9,0.006796792492357384,-0.0020000000000000018,-0.05,0.018,0.0,0.0,0.0,,,73116,120714,62.4473,True,False,False,False,False,False,True,0.15068475034433773,0.49203639386281445,12.168908526960587,22.605774148049868,110.93047109615073,3.5671448656194316,xeon5,False,complete,True,,,,,,,,,,
case_1412,704,qlognehvi,2026-07-27T07:02:44,0.5329136064996729,0.39091572707041133,1.054931219131908,6.716731225312488,2.6253118265419184,0.7758350430416096,58.04907434040666,15.549042759199562,0.9583688365098755,3.4692046503886567,46.978791729085856,4.418303605346646,0.5621872005966818,29.672443202266123,2.0948534031404615,22.091518026733226,1.8487863619240559,15.318029652877634,0.7856670168151456,1.729209025551025,11.302445257084337,12.98710397982288,23.461370995525186,6.284560209421384,14.306765578469962,1.6846587227385441,6.054553824498011,3.7795121258790054,13.798508231241032,2026-07-27T08:03:08,central_target_d10um_mobo_v1,cfd_failed,-2.0,0,0,0,0,0,0,0,0,0,0,1000,0.0,0.0,10.0,5.0,0.0,0.0,0.0,0.0,0.0,0.0,0.0,0.0,0.0,1.0,0.0,0.0,0.0,0.0,0.0,0.0,0.0,0.0,0.0,0.0,0.0,0.0,0.0,0.0,0.0,0.0,0.95,-0.05,0.0,0.0,0.0,0.0,,,65689,105158,3.81327e+70,True,False,False,True,False,False,False,0.21351396607500522,0.31240784976262104,8.290844053255295,21.208775905201577,55.67965021040298,3.4692046503886567,xeon4,True,completed_with_runaway_velocity,True,10000.0,381.0,1693.0,70.06932763050754,4.88196e+69,2.32247e+69,9.18736e+69,True,False,False
case_1414,706,qlognehvi,2026-07-27T07:27:57,0.5549596013740601,0.4608615851827793,2.9225132864750965,3.3847103251437973,3.6868196505465956,0.9097023475645887,57.6941677620497,47.250415482325664,0.7302600347428183,2.504883936239403,48.03829501239619,2.722694410599731,1.6218768084726138,21.78112383016547,1.1070154536849877,13.613472052998654,1.3901093907437057,37.20248970430755,1.072949056633424,1.7158129113222627,5.907835450246739,8.346570895327575,13.881648163752512,3.3210463610549628,5.864295596381491,2.438735445080837,2.2543110613184645,3.5457508987658244,4.670932819645417,2026-07-27T08:08:19,central_target_d10um_mobo_v1,complete,0.055,325,643,55,588,30,30,0,0,588,998,1000,0.0,0.0,10.0,5.0,0.055,0.08553654743390357,0.643,0.6442885771543087,0.588,0.03,0.588,0.325,0.998,0.002,0.24729378572783822,1.2865602136348365e-05,0.2735615515793455,0.40960881451646414,0.5270944705522217,1219.8951723518317,0.5753449856241679,1.0,0.5753449856241679,1.0,0.5753449856241679,368.7684085271251,656.9026004331781,0.007553981502305295,1.0,0.007553981502305295,-0.04800000000000004,-0.020000000000000004,0.055,0.0,0.0,0.0,,,47241,71228,66.2545,True,False,False,False,False,False,True,0.767856702652555,0.38474027864771615,4.906112812281177,10.645523450029787,39.248125045924404,2.504883936239403,xeon1,False,complete,True,,,,,,,,,,
case_1415,707,qlognehvi,2026-07-27T07:31:53,0.5114584443968779,0.363526063705212,2.512831631939491,4.945840157405777,2.896273185853433,0.45961448500713464,59.88439085082545,41.90692978239589,0.7713010662968237,0.7021113801875704,45.35233961213264,3.285594285189914,1.2852089575030403,26.17688132399072,3.0278136600596985,16.427971425949572,0.35910079430407965,34.609848963419836,0.4283375518884654,1.807918485032791,9.038125772060859,15.105161045245602,30.244229345544095,9.083440980179095,16.01247432785839,6.067035273184742,6.760176257637747,9.09484893324444,13.178886788412232,2026-07-27T08:11:02,central_target_d10um_mobo_v1,cfd_failed,-2.0,0,0,0,0,0,0,0,0,0,0,1000,0.0,0.0,10.0,5.0,0.0,0.0,0.0,0.0,0.0,0.0,0.0,0.0,0.0,1.0,0.0,0.0,0.0,0.0,0.0,0.0,0.0,0.0,0.0,0.0,0.0,0.0,0.0,0.0,0.0,0.0,0.95,-0.05,0.0,0.0,0.0,0.0,,,38995,67622,,True,True,False,False,False,False,False,0.2105024516133481,0.19154226744008032,6.423971138191594,17.671280767920056,51.180856647814316,0.7021113801875704,xeon6,True,simpleFoam_SIGFPE,True,7139.0,160.0,837.0,97.91423628954404,6.79357e+97,2.92653e+97,5.08663e+97,False,True,False
case_1407,700,qlognehvi,2026-07-27T06:40:37,0.5024745020931785,0.48698459559141416,4.053660979999726,7.181853202521479,3.1969223339194683,0.3268206120566187,56.40644913640986,24.767122665091286,0.5275540367476546,4.0398331717248315,20.002709303808913,5.510071300055233,2.036861282579908,36.172129796513474,3.5611792293374576,27.550356500276166,2.029913161501941,17.79045517311669,0.29412299057267627,0.6578354821615469,11.314672681511775,15.790339032964923,33.59623517965221,10.683537688012372,26.30402805582699,4.475666351453147,9.700844717943424,8.036845580790605,25.04617745429949,2026-07-27T08:15:02,central_target_d10um_mobo_v1,complete,0.0,0,0,0,0,69,69,0,0,0,69,1000,0.0,0.0,10.0,5.0,0.0,0.0,0.0,0.0,0.0,0.069,0.0,0.0,0.069,0.931,0.0,0.0,0.0,0.0,0.0,0.0,0.0,0.0,0.0,0.0,0.0,0.0,0.0,0.0,0.0,0.0,0.881,0.019000000000000003,0.0,0.0,0.0,0.0,,,87322,156671,27.4597,True,False,False,False,False,False,True,0.051394117462289446,0.30896619862828023,10.965872451441227,22.517904161062468,71.98799072555873,4.0398331717248315,xeon6,False,complete,True,,,,,,,,,,
case_1416,708,qlognehvi,2026-07-27T07:37:02,0.5446591405374781,0.3829203674476205,2.463876569429763,3.126174351090734,4.3619383829138805,0.5740205418810284,54.61607088688683,22.20020968553179,0.06222647038713558,3.968857730696818,45.39522910748081,1.894011404008516,1.3419728946960445,21.575141316951363,1.4482226117415318,9.47005702004258,2.1616746405168548,10.759175986713588,0.5757291652924938,1.9626759145911334,4.946227897547385,6.587835332384066,13.828948391091725,4.3446678352245955,16.551356875889972,1.6416074348366811,4.02259414163598,3.089830046578213,16.2603925142148,2026-07-27T08:18:58,central_target_d10um_mobo_v1,complete,0.083,223,692,83,609,17,17,0,0,609,932,1000,0.0,0.0,10.0,5.0,0.083,0.1199421965317919,0.692,0.7424892703862661,0.609,0.017,0.609,0.223,0.932,0.068,0.24754532101835275,1.3212340792403171e-05,0.2695527487088752,0.4221977797852318,0.5599919229422168,1235.7321090708028,0.5633296189840438,1.0,0.5633296189840438,1.0,0.5633296189840438,365.9745489363368,669.7431011092374,0.007410227672991837,1.0,0.007410227672991837,0.017999999999999905,-0.033,0.083,0.0,0.0,0.0,,,69679,111944,62.5408,True,False,False,False,False,False,True,0.8514358419274077,0.2268074429314048,3.4774251693260414,9.081327254815498,39.61218992058166,3.9688577306968185,xeon6,False,complete,True,,,,,,,,,,
case_1422,713,qlognehvi,2026-07-27T07:55:46,0.5546290330601225,0.4703357111841682,4.793948894077461,3.644062423718513,4.389381980648626,0.43161426217174137,51.64136941727303,46.98199971461161,0.5268932631143683,2.068387061236254,48.52158498900232,2.4265171007900905,2.6588632396618257,22.645336479188195,1.4163995004251237,12.132585503950452,1.1471875157675318,29.48556650612635,0.8956070798670053,1.9178565255312958,5.159117292371501,8.26587376069715,15.347871262822771,4.249198501275371,9.189590678839535,3.106756468325649,2.898922584298795,4.523155968750773,7.9993522817143585,2026-07-27T08:21:39,central_target_d10um_mobo_v1,complete,0.011,279,634,11,623,0,0,0,0,623,913,1000,0.0,0.0,10.0,5.0,0.011,0.017350157728706624,0.634,0.6944140197152245,0.623,0.0,0.623,0.279,0.913,0.087,0.26100538345268154,1.3571249743786582e-05,0.2770703852977486,0.43613711786024867,0.5975798862420969,1060.946016752559,0.5597981244564122,1.0,0.5597981244564122,0.55,0.30788896845102676,380.64656675780344,697.1425015989137,0.007121061591648472,0.55,0.00391658387540666,0.03699999999999992,-0.05,0.011,0.0,0.0,0.0,,,44777,69929,62.8234,True,False,False,False,False,False,True,0.8069556790000877,0.3183290084679146,4.375027191421934,9.301924322112159,40.829699004836286,2.068387061236254,xeon5,False,complete,True,,,,,,,,,,
case_1419,711,qlognehvi,2026-07-27T07:46:36,0.5317491348227166,0.5612561979947103,3.398453574648892,8.753477180197361,2.0396537229868335,0.34326558088502834,55.828766181565314,43.70089142166291,0.9219671704273107,2.3798145746083086,47.66825710019228,7.535437118730598,1.8071247480547168,27.38443232959522,3.5550798983854746,37.677185593652986,1.2654643410864594,41.071115504908576,1.0333769215062725,1.5072680433807064,13.426020319514793,20.79456679759261,38.56996628951998,10.665239695156423,16.626643899513045,7.368546478077818,7.710503262144908,10.923626376463293,12.53473869486914,2026-07-27T08:23:11,central_target_d10um_mobo_v1,complete,0.032,374,592,32,560,0,0,0,0,560,966,1000,0.0,0.0,10.0,5.0,0.032,0.05405405405405406,0.592,0.6128364389233955,0.56,0.0,0.56,0.374,0.966,0.034,0.2638170758581083,1.1346773492097972e-05,0.2755568048106664,0.4444878243833474,0.6206826573742223,953.7885310094479,0.5446926894216008,1.0,0.5446926894216008,1.0,0.5446926894216008,381.4852583266302,708.3049002201666,0.007009625194579085,1.0,0.007009625194579085,-0.016000000000000014,-0.05,0.032,0.0,0.0,0.0,,,55288,91155,64.9546,True,False,False,False,False,False,True,0.09654743380376823,0.40673802746470816,14.171037854613319,25.248786392461145,51.49878116628267,2.3798145746083086,xeon5,False,complete,True,,,,,,,,,,
case_1421,712,qlognehvi,2026-07-27T07:48:09,0.5362701090384754,0.3535273089311232,2.617812785088942,4.0315946343511815,4.958568776448065,0.5434213011325287,55.97106692018568,20.245471189687866,0.17313670453010266,3.523841121926986,35.73693791131363,2.3003488718436644,1.4038547477019618,32.26465905943297,2.00744102892284,11.501744359218321,1.889730662690048,11.773867118140668,0.37432098515336787,1.5629288919305249,6.506849156289182,8.590831295141433,18.628036439755636,6.0223230867685205,20.05112424024304,2.08398213885225,5.650256083255866,4.0914231677750905,19.629259786345873,2026-07-27T08:23:11,central_target_d10um_mobo_v1,complete,0.02,0,649,20,629,28,28,0,0,629,677,1000,0.0,0.0,10.0,5.0,0.02,0.030816640986132512,0.649,0.9586410635155096,0.629,0.028,0.629,0.0,0.677,0.323,0.22984683354699542,1.2451921805192602e-05,0.24578342942405687,0.3995483669093234,0.5015203876128828,1294.06503908861,0.5730492855415577,1.0,0.5730492855415577,1.0,0.5730492855415577,336.51012054035004,629.3952004839226,0.00788152242669231,1.0,0.00788152242669231,0.2729999999999999,-0.022000000000000002,0.02,0.0,0.0,0.0,,,68524,115061,50.5738,True,False,False,False,False,False,True,0.37528018974452126,0.1932228720627545,4.28953401107542,12.133529440892891,60.164940233724835,3.523841121926986,xeon4,False,complete,True,,,,,,,,,,
case_1401,696,qlognehvi,2026-07-27T06:23:15,0.7405194220781233,0.6959142850162933,4.965577652596711,4.998655812371477,4.496142271554306,0.33098480764248395,59.60750815064723,41.32840762751968,0.8076157642057302,1.4317865958616731,49.57423240388624,6.4463100971833045,3.67710669358496,41.64812814959621,1.5464318600433902,32.23155048591652,1.0602657825066897,35.30131586744794,3.1400751725421756,1.9841715090654106,9.26308057756334,12.326751075084562,20.05891037530151,4.63929558013017,7.9776620298680525,3.063670497521222,3.4838178141850937,4.610102357564612,6.510763988624965,2026-07-27T08:24:51,central_target_d10um_mobo_v1,cfd_failed,-2.0,0,0,0,0,0,0,0,0,0,0,1000,0.0,0.0,10.0,5.0,0.0,0.0,0.0,0.0,0.0,0.0,0.0,0.0,0.0,1.0,0.0,0.0,0.0,0.0,0.0,0.0,0.0,0.0,0.0,0.0,0.0,0.0,0.0,0.0,0.0,0.0,0.95,-0.05,0.0,0.0,0.0,0.0,,,38091,58724,,True,True,False,False,False,False,False,0.4008819807007816,0.6127876676610476,8.705119548509604,12.5088961901476,56.241776931007244,1.4317865958616731,xeon4,True,simpleFoam_SIGFPE,True,5083.0,160.0,629.0,98.45713220554761,7.95061e+97,5.40681e+97,1.85544e+98,False,True,False
case_1423,714,qlognehvi,2026-07-27T08:03:24,0.52155787794285,0.37554621137243577,2.0515583267801953,6.202375127167425,3.051948864932132,0.48805982620966226,51.179126008873055,11.126299860319897,0.7810718386347357,0.5683563390646458,49.5198195819003,3.0907469050297225,1.0700064073914628,25.11755204273193,2.607111936256687,15.453734525148612,0.2964307261179236,10.879721102754107,0.5311201566920811,2.008011359759005,8.230004221676396,9.739305994630252,22.774865675913688,7.821335808770061,21.80905895643654,1.5093017729538556,7.674327461850138,4.116413709210542,21.417053736215642,2026-07-27T08:27:34,central_target_d10um_mobo_v1,complete,0.002,178,786,2,784,0,0,0,0,784,964,1000,0.0,0.0,10.0,5.0,0.002,0.002544529262086514,0.786,0.8153526970954357,0.784,0.0,0.784,0.178,0.964,0.036,0.25293098589058494,1.299454687414758e-05,0.24106566771723664,0.3431140143039159,0.36985099087928625,2125.1801925185014,0.6031858819738347,1.0,0.6031858819738347,0.1,0.06031858819738348,349.40912973818934,596.0450003775002,0.008318844673626159,0.1,0.0008318844673626159,-0.014000000000000012,-0.05,0.002,0.0,0.0,0.0,,,43020,79967,74.6837,True,False,False,False,False,False,True,0.29496112065537067,0.20917394520565105,5.925990260602281,15.77965662054136,48.15870511208001,0.5683563390646458,xeon4,False,complete,True,,,,,,,,,,
case_1424,715,qlognehvi,2026-07-27T08:08:35,0.6632825610063258,0.5932059446827873,3.5736014572386057,4.0203919859127195,4.512824293215688,0.19096534164663215,56.27338038841502,30.719528007013388,0.03412325122937554,1.181780935834301,39.967989244768255,3.9659037459752122,2.37030752657316,30.170680064513785,1.5822129547370185,19.82951872987606,0.7838546856686275,10.707017659537401,1.5162739843869757,1.7981692159171034,6.685542822899308,9.110296596399689,17.02136137008478,4.7466388642110555,21.56753416045178,2.4247537735003815,4.080582022841163,4.0069667282373995,21.192044436558092,2026-07-27T08:30:18,central_target_d10um_mobo_v1,complete,0.027,412,505,27,478,0,0,0,0,478,917,1000,0.0,0.0,10.0,5.0,0.027,0.053465346534653464,0.505,0.5507088331515813,0.478,0.0,0.478,0.412,0.917,0.083,0.25543236437425754,6.269061498332674e-06,0.266764120070851,0.41592243732838485,0.5434687434536662,929.2162724774145,0.6146029364484203,1.0,0.6146029364484203,1.0,0.6146029364484203,369.3356042494413,671.354801372856,0.007392569683620293,1.0,0.007392569683620293,0.03299999999999992,-0.05,0.027,0.0,0.0,0.0,,,40229,72488,52.9947,True,False,False,False,False,False,True,0.5114370913494222,0.4574747228276132,5.979207021451283,10.079479268618291,45.486918906384524,1.181780935834301,xeon1,False,complete,True,,,,,,,,,,
case_1417,709,qlognehvi,2026-07-27T07:40:58,0.5618525976691611,0.6674063640132047,1.5010024250158054,5.5859498257125155,4.082463769290477,0.32439255488193597,59.507321293206296,55.72370252459331,0.671297281942676,3.848752871777966,44.10033717344332,6.705888997607804,0.8433421116028404,41.019310497728256,1.9065274550981848,33.52944498803902,2.162431798795094,40.69419722511496,1.4816102640933069,1.1425346782600627,10.047685127370357,14.77395532902224,24.306592604513163,5.7195823652945545,10.17266524360854,4.726270201651883,3.2211787305838713,6.632797656750068,7.712918604726231,2026-07-27T08:39:09,central_target_d10um_mobo_v1,cfd_failed,-2.0,0,0,0,0,0,0,0,0,0,0,1000,0.0,0.0,10.0,5.0,0.0,0.0,0.0,0.0,0.0,0.0,0.0,0.0,0.0,1.0,0.0,0.0,0.0,0.0,0.0,0.0,0.0,0.0,0.0,0.0,0.0,0.0,0.0,0.0,0.0,0.0,0.95,-0.05,0.0,0.0,0.0,0.0,,,69749,108138,,True,True,False,False,False,False,False,0.17479142956467653,0.5646068706725392,11.935317244108342,17.883133706336967,73.007245437498,3.848752871777966,xeon6,True,simpleFoam_SIGFPE,True,5762.0,161.0,668.0,97.7718453355583,5.14037e+97,2.89649e+97,3.01702e+97,False,True,False
case_1418,710,qlognehvi,2026-07-27T07:42:28,0.5271079278483635,0.41770177538755515,3.4053543757343214,3.581935301561702,3.3961304235812158,0.3219647528858185,58.72788330837747,13.788278646602572,0.20965975274757298,3.044818020191356,45.75855329622099,2.68365883952691,1.7949892885826755,21.819527635413397,2.1805688308438453,13.41829419763455,1.6049477172984221,10.794249564385606,0.5665028850810575,1.8299699185089457,6.424820284847815,7.98393647315772,18.886780627376947,6.541706492531536,19.96812558458455,1.559116188309905,6.353194515027794,3.7396850191537503,19.614810611353278,2026-07-27T08:48:01,central_target_d10um_mobo_v1,complete,0.006,0,854,6,848,0,0,0,0,848,854,1000,0.0,0.0,10.0,5.0,0.006,0.00702576112412178,0.854,1.0,0.848,0.0,0.848,0.0,0.854,0.146,0.25295950353630026,1.2062117304336301e-05,0.264681730555123,0.4168186964781332,0.5458134769757502,1564.6370711325292,0.5584204473779532,1.0,0.5584204473779532,0.3,0.16752613421338594,366.1214676367403,669.7782000962269,0.00740984222561869,0.3,0.002222952667685607,0.09599999999999997,-0.05,0.006,0.0,0.0,0.0,,,63890,108106,62.596,True,False,False,False,False,False,True,0.41729808562521364,0.23639028334993648,5.091289084725995,12.188813609906632,41.39480072796469,3.044818020191356,xeon4,False,complete,True,,,,,,,,,,
case_1430,720,qlognehvi,2026-07-27T08:23:36,0.6160598664650216,0.6499535481950972,2.2773024646163043,5.324074305746075,3.8073898083477915,0.6538783941240499,55.35937781923608,49.2345344441085,0.1880685486630005,1.7954379860426821,47.22396517981451,5.408946217407272,1.4029546522519851,31.685290063030894,1.3160451028757412,27.04473108703636,1.106097285927682,17.378781950371987,1.9996405092432963,1.3787465729520463,8.32205044872478,11.312323757187496,17.892549271566203,3.9481353086272235,14.417476311592898,2.9902733084627156,2.5779910697914423,4.306318411338457,13.759333012014418,2026-07-27T08:48:01,central_target_d10um_mobo_v1,complete,0.006,419,520,6,514,42,42,0,0,514,981,1000,0.0,0.0,10.0,5.0,0.006,0.011538461538461539,0.52,0.5300713557594292,0.514,0.042,0.514,0.419,0.981,0.019,0.27657167596538473,8.232602826128855e-06,0.2664325139401062,0.3904741253569451,0.478998765640712,1085.5977870933436,0.6120606670718268,1.0,0.6120606670718268,0.3,0.18361820012154803,384.0288745635181,667.045801200353,0.007439969107863498,0.3,0.0022319907323590494,-0.031000000000000028,-0.008,0.006,0.0,0.0,0.0,,,46530,76265,65.6795,True,False,False,False,False,False,True,0.3625980605494026,0.5918920658268355,8.77990356431436,13.508509321467521,51.432160716526575,1.7954379860426821,xeon4,False,complete,True,,,,,,,,,,
case_1420,711,qlognehvi,2026-07-27T07:46:36,0.5283104333489793,0.3445669184563289,4.7791235019807266,9.832684619904919,2.911124058050179,0.7271472537342416,57.27626311730896,45.17528437075269,0.4192174491783017,1.9673759697088904,44.47847546956214,5.4546123463805785,2.5248608083597293,46.08409100915641,3.2853409847277835,27.273061731902892,1.0393852511172723,24.74609298802833,0.5661593167568655,1.7739136043135437,15.830342537865853,22.82089154279567,39.24759646643459,9.85602295418335,24.548360603522426,6.990549004929816,6.947907100923547,10.2758899896576,22.29412687774578,2026-07-27T08:50:57,central_target_d10um_mobo_v1,cfd_failed,-2.0,0,0,0,0,0,0,0,0,0,0,1000,0.0,0.0,10.0,5.0,0.0,0.0,0.0,0.0,0.0,0.0,0.0,0.0,0.0,1.0,0.0,0.0,0.0,0.0,0.0,0.0,0.0,0.0,0.0,0.0,0.0,0.0,0.0,0.0,0.0,0.0,0.95,-0.05,0.0,0.0,0.0,0.0,,,63169,119496,8.98907e+52,True,False,False,True,False,False,False,0.10095079724700144,0.24194088639677505,10.324634915505245,29.96409220525275,87.22918969634512,1.9673759697088904,xeon1,True,completed_with_runaway_velocity,True,10000.0,585.0,2307.0,52.00334849725787,3.72462e+51,1.65045e+51,5.19089e+51,True,False,False
case_1383,681,qlognehvi,2026-07-27T05:10:13,0.697896659645191,0.46926965349559163,4.59796427568757,7.8243987318981265,4.877807671342637,0.3526755937184022,56.941629701783064,49.89867859050128,0.23946428605999648,1.329057596272011,48.09592396543939,5.968914795482489,3.208903909170275,62.043684611002796,4.075224148731914,29.844573977412445,0.9275448569143033,19.554308583411654,1.2822431306286037,3.133376289555997,12.719584040902745,22.071080916011766,42.447201659671336,12.225672446195743,40.11566421361729,9.351496875109019,7.875060187484033,13.426721023840933,37.801979813862175,2026-07-27T08:52:29,central_target_d10um_mobo_v1,cfd_failed,-2.0,0,0,0,0,0,0,0,0,0,0,1000,0.0,0.0,10.0,5.0,0.0,0.0,0.0,0.0,0.0,0.0,0.0,0.0,0.0,1.0,0.0,0.0,0.0,0.0,0.0,0.0,0.0,0.0,0.0,0.0,0.0,0.0,0.0,0.0,0.0,0.0,0.95,-0.05,0.0,0.0,0.0,0.0,,,79942,181181,9.80625e+70,True,False,False,True,False,False,False,0.19093190205428082,0.2903880539992275,8.55272010976105,18.2255981098539,88.90096227505325,1.329057596272011,xeon5,True,completed_with_runaway_velocity,True,10000.0,436.0,1799.0,69.44461150836769,1.76289e+69,1.49085e+67,1.57482e+68,True,False,False
case_1427,718,qlognehvi,2026-07-27T08:19:13,0.5374707824244639,0.6988682621516047,2.640832482884657,7.276007046312482,4.827100691286082,0.5861383491858226,54.982233597825896,55.89096922952261,0.747980884335926,3.1472716495714637,45.62401185847323,7.632921007002195,1.4193703008279563,52.720777669883134,1.5334303917038246,38.16460503501097,1.6915665559975077,44.32556774733109,1.618900332879721,0.8654012462901164,10.921830937783227,14.730743030701973,22.397894989221097,4.600291175111474,7.645739282843865,3.8089120929187468,2.5797029992279805,5.342342484622572,5.469616618943099,2026-07-27T08:52:29,central_target_d10um_mobo_v1,complete,0.019,317,477,19,458,173,170,3,0,458,967,1000,0.0,0.0,10.0,5.0,0.019,0.039832285115303984,0.477,0.4932781799379524,0.458,0.173,0.458,0.317,0.967,0.033,0.2434066911997903,8.655329207735846e-06,0.2418964028786683,0.3578015088423085,0.4021927225217042,1185.9985854772867,0.6003433677858672,1.0,0.6003433677858672,0.95,0.5703261993965738,343.16277059346606,601.2082001420696,0.008247991364729496,0.95,0.00783559179649302,-0.017000000000000015,0.12299999999999998,0.019,0.0,0.0,0.0,,,61543,93589,63.8312,True,False,False,False,False,False,True,0.14741356647381446,0.651652096691376,14.20155524095847,20.32079006884096,98.09049978878156,3.1472716495714637,xeon6,False,complete,True,,,,,,,,,,
case_1429,720,qlognehvi,2026-07-27T08:23:36,0.6793862010242142,0.31945938921861144,1.497249124147658,4.481202851045325,4.358914679380238,0.7198571264551907,54.31679678754008,57.2110573638368,0.9911135403671821,2.232384416812092,42.220480381855616,2.2104990438171233,1.0172103944415094,30.16150739666251,1.758907137019416,11.052495219085616,1.5166511681636232,56.79151820835042,0.6868018027519972,2.9865095143886213,6.919499374314653,11.355486729359047,20.150022414456128,5.276721411058248,7.404109648621437,4.435987355044395,2.8575872752738074,6.194894492063811,4.055135253108891,2026-07-27T08:52:29,central_target_d10um_mobo_v1,complete,0.022,336,664,22,642,0,0,0,0,642,1000,1000,0.0,0.0,10.0,5.0,0.022,0.03313253012048193,0.664,0.664,0.642,0.0,0.642,0.336,1.0,0.0,0.2806051364171686,1.1597506175271087e-05,0.3021460461177617,0.48178986561884013,0.7292311193846933,910.5480859898935,0.5850845711867894,1.0,0.5850845711867894,1.0,0.5850845711867894,412.3487309338984,762.3950020485329,0.006515549341151145,1.0,0.006515549341151145,-0.050000000000000044,-0.05,0.022,0.0,0.0,0.0,,,44957,67768,60.2468,True,False,False,False,False,False,True,0.7456750991050857,0.18697075838554786,3.2536707994431846,10.184927753732863,44.39523109417337,2.232384416812092,xeon5,False,complete,True,,,,,,,,,,
case_1431,721,qlognehvi,2026-07-27T08:25:07,0.5846736732165128,0.5144366105179772,2.852943051713697,7.9265103639290855,4.324326315595713,0.5044912027239286,54.60290102279028,55.69826246837666,0.42668093165800114,1.8706110547581103,46.950069827867786,6.039256047475873,1.6680406935229748,50.765659594920784,2.8335298785622847,30.196280237379366,1.0936970365448395,29.49857720515882,1.1618059176952695,1.8634661891625395,11.739553375478181,18.76173070343642,32.92938009624784,8.500589635686854,20.0155731895489,7.02217732795824,4.790516645316665,9.855707206520524,17.42091287979847,2026-07-27T08:58:02,central_target_d10um_mobo_v1,complete,0.024,375,586,24,562,0,0,0,0,562,961,1000,0.0,0.0,10.0,5.0,0.024,0.040955631399317405,0.586,0.6097814776274714,0.562,0.0,0.562,0.375,0.961,0.039,0.2687185178191126,1.0921228253269624e-05,0.2870857068486067,0.4766274832255718,0.7136874084858729,821.0877662017763,0.5509027005836665,1.0,0.5509027005836665,1.0,0.5509027005836665,393.2274723552998,745.3460010331366,0.006663592520138174,1.0,0.006663592520138174,-0.01100000000000001,-0.05,0.024,0.0,0.0,0.0,,,55982,101680,64.2915,True,False,False,False,False,False,True,0.16899177805678461,0.3840335271203013,10.329276524888872,20.078813042657494,86.82733962629023,1.87061105475811,xeon4,False,complete,True,,,,,,,,,,
case_1436,725,qlognehvi,2026-07-27T08:48:28,0.6788422424251355,0.34478304969849743,1.1807078065242451,6.095533073423683,2.1430900101512416,0.4369311775881829,59.877104734870464,53.990052831576705,0.41006176968491626,2.7802603612859165,43.749519706430476,3.8562297516222466,0.8015143350297815,23.96941341744172,4.000188949454371,19.281148758111232,1.887358178181049,28.038638912649304,0.6396387618212223,3.160610921242271,11.184510824979375,20.89194859258793,40.89289333985978,12.000566848363112,29.16101275517073,9.707437767608555,7.055441635364777,13.707626717062926,25.738407773071216,2026-07-27T08:59:32,central_target_d10um_mobo_v1,cfd_failed,-2.0,0,0,0,0,0,0,0,0,0,0,1000,0.0,0.0,10.0,5.0,0.0,0.0,0.0,0.0,0.0,0.0,0.0,0.0,0.0,1.0,0.0,0.0,0.0,0.0,0.0,0.0,0.0,0.0,0.0,0.0,0.0,0.0,0.0,0.0,0.0,0.0,0.95,-0.05,0.0,0.0,0.0,0.0,,,75761,151478,,True,True,False,False,False,False,False,0.22819590615223562,0.16831493064044956,5.680597804058315,16.475861586078054,35.30925437375847,2.7802603612859165,xeon4,True,simpleFoam_SIGFPE,True,459.0,155.0,454.0,131.26025747431882,1.82078e+131,1.46551e+126,1.46551e+126,False,True,False
case_1433,723,qlognehvi,2026-07-27T08:30:34,0.5037341710247571,0.6605306102963753,3.352691266052184,5.838997733904809,4.578666682297406,0.23342843705297656,52.80028908651018,57.98332642135272,0.7076798358495318,3.6650048424294446,49.37844654396464,5.413979827627419,1.6888651556067404,37.528630269330534,1.5997888687838064,27.069899138137096,1.8461881761029169,43.9568325653774,1.3067366049538467,1.0550538914535355,8.196410193916988,12.265763618808826,20.26470796272786,4.79936660635142,8.167425265861405,4.0693534248918395,2.5444611463887985,5.669142293675646,5.87942693869813,2026-07-27T09:04:43,central_target_d10um_mobo_v1,complete,0.018,343,562,18,544,63,63,0,0,544,968,1000,0.0,0.0,10.0,5.0,0.018,0.03202846975088968,0.562,0.5805785123966942,0.544,0.063,0.544,0.343,0.968,0.032,0.24435258472953728,1.002608271549822e-05,0.2562517403545161,0.3991027154533746,0.500402231900168,1123.0965095138124,0.557945935272726,1.0,0.557945935272726,0.9,0.5021513417454534,354.0806972982944,643.45530019198,0.007710631709725733,0.9,0.006939568538753159,-0.018000000000000016,0.012999999999999998,0.018,0.0,0.0,0.0,,,66570,101551,67.0867,True,False,False,False,False,False,True,0.236512265071094,0.553282184402714,10.747692213561063,16.271300748255484,74.50086261367825,3.6650048424294446,xeon1,False,complete,True,,,,,,,,,,
case_1425,716,qlognehvi,2026-07-27T08:11:22,0.6279249027878107,0.6584771693417586,3.572432584507399,6.814705838109277,4.725154029280399,0.17887130829413456,59.54931348445142,35.72255977172546,0.4817296829723928,3.4977368128877084,46.770349798446226,8.046460921216866,2.2432193833428156,57.74044874075482,2.7845930787092983,40.23230460608433,2.196316048209861,22.39132056407173,1.7998131036878369,1.6762460238921197,12.219802440926609,17.097247652375398,31.020213045921892,8.353779236127895,20.114015453248847,4.87744521144879,6.782046574248575,7.662038290158089,18.59749410253125,2026-07-27T09:07:27,central_target_d10um_mobo_v1,cfd_failed,-2.0,0,0,0,0,0,0,0,0,0,0,1000,0.0,0.0,10.0,5.0,0.0,0.0,0.0,0.0,0.0,0.0,0.0,0.0,0.0,1.0,0.0,0.0,0.0,0.0,0.0,0.0,0.0,0.0,0.0,0.0,0.0,0.0,0.0,0.0,0.0,0.0,0.95,-0.05,0.0,0.0,0.0,0.0,,,74942,127908,,True,True,False,False,False,False,False,0.14747434417109728,0.5177740186890527,12.814368223800065,19.460611271625172,91.95438576237923,3.4977368128877084,xeon6,True,simpleFoam_SIGFPE,True,5007.0,141.0,589.0,97.56379423406263,3.66264e+97,1.75014e+97,2.04817e+97,False,True,False
case_1435,725,qlognehvi,2026-07-27T08:48:28,0.5321103389612493,0.693200362850434,4.980467583598173,7.846567292638766,1.8292287377319654,0.06495326520624367,55.395604798798026,33.792822550504965,0.7577664195077858,1.7600711367779558,37.548713149301555,8.252197233070842,2.650158294093938,21.77603639169235,2.5449715575971523,41.26098616535421,0.9365520491868293,28.02940195408025,1.1166422395862505,0.8873663355446956,11.904490642702315,16.150965390821643,28.87582317880741,7.6349146727914565,14.452204408924175,4.2464747481193275,6.3450275235329885,6.79144630571648,12.757055669467675,2026-07-27T09:13:52,central_target_d10um_mobo_v1,complete,0.022,395,494,22,472,73,73,0,0,472,962,1000,0.0,0.0,10.0,5.0,0.022,0.044534412955465584,0.494,0.5135135135135135,0.472,0.073,0.472,0.395,0.962,0.038,0.24244870347813768,7.139756943014166e-06,0.22364572456088705,0.32904299776816953,0.34013801983438685,1452.3516078576824,0.6179042875014054,1.0,0.6179042875014054,1.0,0.6179042875014054,329.84660674860703,571.4917009455663,0.008673151741471664,1.0,0.008673151741471664,-0.01200000000000001,0.022999999999999993,0.022,0.0,0.0,0.0,,,48019,79304,50.2064,True,False,False,False,False,False,True,0.08699088121050946,0.5572043220989146,15.508432422456284,22.372222020608504,40.92391144701698,1.7600711367779558,xeon4,False,complete,True,,,,,,,,,,
case_1441,728,qlognehvi,2026-07-27T08:58:18,0.5885483175388185,0.30924817531571397,1.4650591874421761,9.8398499641886,3.431054842847114,0.7734582493984761,59.994897820626406,37.41711961624871,0.742400403006723,3.0082585617301114,48.63328169400813,5.451477547159571,0.8622581198638813,60.48319741825076,3.3054443614142324,27.257387735797852,1.7705055152280031,30.354480652386577,0.697319470575677,2.478084212617824,17.628163987044104,23.65345865308505,40.18068046015621,9.916333084242698,18.46397373807573,6.0252946660409465,7.875880015910909,9.330739027455179,15.93284768652092,2026-07-27T09:13:52,central_target_d10um_mobo_v1,cfd_failed,-2.0,0,0,0,0,0,0,0,0,0,0,1000,0.0,0.0,10.0,5.0,0.0,0.0,0.0,0.0,0.0,0.0,0.0,0.0,0.0,1.0,0.0,0.0,0.0,0.0,0.0,0.0,0.0,0.0,0.0,0.0,0.0,0.0,0.0,0.0,0.0,0.0,0.95,-0.05,0.0,0.0,0.0,0.0,,,67188,113475,,True,True,False,False,False,False,False,0.12448075486441308,0.21960025878485576,9.262582841042631,29.951940158050682,102.76674933194674,3.0082585617301114,xeon4,True,simpleFoam_SIGFPE,True,2097.0,116.0,435.0,103.32900307171873,2.13306e+103,5.27876e+102,5.27876e+102,False,True,False
case_1434,724,qlognehvi,2026-07-27T08:39:25,0.598895219070094,0.6241154162258702,1.1828613357076554,6.729766104129296,4.13185544674773,0.30141776177180113,53.70975803573035,41.75067415916449,0.5771186744682235,4.322434681078069,37.30427021970484,6.0936336123378245,0.7084099987781803,40.341918460977496,2.166631617557697,30.468168061689124,2.588685465240422,28.323906984209486,1.252920062549915,1.2691744878803093,9.763632581273255,14.091850452541582,24.92500854033007,6.4998948526730915,13.689057833390772,4.328217871268328,4.849243565200619,6.494849488826025,12.05019644999257,2026-07-27T09:25:20,central_target_d10um_mobo_v1,complete,0.025,425,534,25,509,0,0,0,0,509,959,1000,0.0,0.0,10.0,5.0,0.025,0.04681647940074907,0.534,0.556830031282586,0.509,0.0,0.509,0.425,0.959,0.041,0.21754080562734066,7.88649567973782e-06,0.2475191417946476,0.39115829774352645,0.480678799292049,1110.9289629300965,0.6049119657668336,1.0,0.6049119657668336,1.0,0.6049119657668336,329.5295551691049,608.6991028821807,0.008147315152520129,1.0,0.008147315152520129,-0.009000000000000008,-0.05,0.025,0.0,0.0,0.0,,,76769,122227,56.2719,True,False,False,False,False,False,True,0.1790068144713208,0.4967775939788575,10.174790878777465,16.302739227795588,67.36056187527508,4.322434681078069,xeon6,False,complete,True,,,,,,,,,,
case_1439,727,qlognehvi,2026-07-27T08:53:06,0.5254623405394748,0.546485435788525,4.2161295739174705,4.812361184485654,1.1755959266408316,0.4977760428656304,49.37568580638152,37.92390690255606,0.5085292555128776,3.269053584749129,46.19746502511957,3.3528634482895407,2.2154173139283726,7.212658113577638,1.3929688157008246,16.764317241447703,1.7177645479912378,24.20012358816774,1.0240702904338193,1.3803061305192343,6.135320776576025,8.70373683530697,15.668580913811091,4.178906447102474,9.66368204390122,2.568416058730945,3.2964371741150504,3.9613848744317695,8.814430243767438,2026-07-27T09:26:52,central_target_d10um_mobo_v1,complete,0.008,0,601,8,593,0,0,0,0,593,601,1000,0.0,0.0,10.0,5.0,0.008,0.013311148086522463,0.601,1.0,0.593,0.0,0.593,0.0,0.601,0.399,0.25638194407688863,1.2813602346467568e-05,0.27135693267940403,0.4473890559703946,0.6288116583551889,955.7710834625154,0.5401260073476639,1.0,0.5401260073476639,0.4,0.21605040293906558,373.3179426789018,703.77100002828,0.0070544646998826135,0.4,0.0028217858799530456,0.349,-0.05,0.008,0.0,0.0,0.0,,,58868,91122,60.4774,True,False,False,False,False,False,True,0.4832778728402586,0.4259192868094652,6.380787336438358,11.67604279742882,13.726308351941341,3.269053584749129,xeon5,False,complete,True,,,,,,,,,,
case_1443,730,qlognehvi,2026-07-27T09:04:59,0.6357692060612092,0.6487067559068775,2.1521774188124208,6.80431979567831,4.516433274538705,0.8515655296402157,55.176242082573204,35.73622054272947,0.588317663900008,1.6598212727029473,41.34251952560604,6.757737342510663,1.3682881288612354,47.048792873507885,1.2463281706467841,33.788686712553314,1.0552632527498587,25.141073147313996,2.052597289218221,1.0973046999916838,10.417245205136638,12.60101581406233,18.832656667296252,3.7389845119403526,8.073699050421004,2.1837706089256934,3.034987826684341,3.4300987795724778,7.3088329245608294,2026-07-27T09:26:52,central_target_d10um_mobo_v1,complete,0.002,414,472,2,470,98,98,0,0,470,984,1000,0.0,0.0,10.0,5.0,0.002,0.00423728813559322,0.472,0.4796747967479675,0.47,0.098,0.47,0.414,0.984,0.016,0.27130459273305096,6.384109918802961e-06,0.24336110722216484,0.3583677072895865,0.403466619173246,1169.8613406164493,0.6395187599646738,1.0,0.6395187599646738,0.1,0.06395187599646739,364.4596144803996,629.6723000045137,0.007878081334201037,0.1,0.0007878081334201037,-0.03400000000000003,0.048,0.002,0.0,0.0,0.0,,,42852,66048,57.639,True,False,False,False,False,False,True,0.23845147456983778,0.651638462482154,10.629230352909001,16.385262302455253,74.00294387485357,1.6598212727029473,xeon1,False,complete,True,,,,,,,,,,
case_1426,717,qlognehvi,2026-07-27T08:15:18,0.5531826765063961,0.5155697124518949,4.393748030053779,5.122496649298059,3.8780646645431194,0.20292900146800608,56.92711025431478,24.268310957129327,0.38998026651056095,2.9774985115011976,49.67453358742618,4.340689602626898,2.4305452951598543,32.65024023161123,2.6567282108827532,21.70344801313449,1.6471005958860427,15.564359709716852,0.9552103191645462,1.910102637700492,8.419209852308587,11.69503717938968,24.978678233803443,7.97018463264826,22.10994830946996,3.275827327081092,7.26586528925848,5.932555537963845,21.29916897525366,2026-07-27T09:28:37,central_target_d10um_mobo_v1,complete,0.005,0,970,5,965,0,0,0,0,965,970,1000,0.0,0.0,10.0,5.0,0.005,0.005154639175257732,0.97,1.0,0.965,0.0,0.965,0.0,0.97,0.03,0.2815097832783508,1.1300281142924124e-05,0.2636198208511416,0.4209255167534523,0.5566220162947089,1742.6547488312503,0.5678862782738465,1.0,0.5678862782738465,0.25,0.14197156956846163,385.6723585567265,702.4353000267129,0.007067784149039777,0.25,0.0017669460372599442,-0.020000000000000018,-0.05,0.005,0.0,0.0,0.0,,,67074,117692,66.2002,True,False,False,False,False,False,True,0.268955494088194,0.3333703276202155,7.846756210878396,15.219583348993831,59.02252839480181,2.9774985115011976,xeon6,False,complete,True,,,,,,,,,,
case_1428,719,qlognehvi,2026-07-27T08:21:55,0.512048993028901,0.5591011463475615,1.297310322224988,8.082515715379493,1.213577326921449,0.7268663531090712,58.033669121278606,34.1610117327504,0.5901172016985794,2.975526329997682,47.66846677079416,7.527574300590946,0.6642864441413041,16.3392501653625,2.0750904169920656,37.63787150295473,1.5236152610062943,24.257828633937212,1.2333800949840756,1.1225116977850296,13.463707505817705,16.95932456548906,27.334776650449385,6.225271250976197,13.55919822471167,3.4956170596713547,5.151180788942021,5.57070747666342,12.362001241970104,2026-07-27T09:28:37,central_target_d10um_mobo_v1,cfd_failed,-2.0,0,0,0,0,0,0,0,0,0,0,1000,0.0,0.0,10.0,5.0,0.0,0.0,0.0,0.0,0.0,0.0,0.0,0.0,0.0,1.0,0.0,0.0,0.0,0.0,0.0,0.0,0.0,0.0,0.0,0.0,0.0,0.0,0.0,0.0,0.0,0.0,0.95,-0.05,0.0,0.0,0.0,0.0,,,60841,97602,,True,True,False,False,False,False,False,0.11547439894661866,0.5235300274697107,14.700886835190158,26.29378768265206,31.909544570553006,2.975526329997682,xeon5,True,simpleFoam_turbulence_divide_SIGFPE,True,8826.0,237.0,1021.0,98.04314605953239,4.88878e+97,2.27062e+97,1.10445e+98,False,True,True
case_1438,727,qlognehvi,2026-07-27T08:53:06,0.5420268356595417,0.6060300581415388,2.046790902137386,5.828846593811241,4.497274512847423,0.38246126476420295,52.75309318663416,55.93263915530727,0.5004104792220315,3.4072873687757683,45.674020540655064,4.974420875620915,1.1094155959422658,36.91456540738324,1.7619114464600483,24.872104378104574,1.8468411906802555,32.98517397163996,1.2377948716046778,1.291572685496245,8.20820817184473,12.586802533568404,21.396359765868645,5.285734339380145,11.278945027441205,4.378594361723675,2.960894952878961,6.140505808183723,9.460908484479841,2026-07-27T09:33:58,central_target_d10um_mobo_v1,complete,0.019,386,568,19,549,0,0,0,0,549,954,1000,0.0,0.0,10.0,5.0,0.019,0.03345070422535211,0.568,0.5953878406708596,0.549,0.0,0.549,0.386,0.954,0.046,0.2366392955494719,1.0166674452186619e-05,0.25955003813222804,0.41256130533686536,0.5347205287962109,1062.2371302607542,0.5678122452828396,1.0,0.5678122452828396,0.95,0.5394216330186976,351.2326559361367,649.200600982132,0.007642915632443089,0.95,0.007260769850820935,-0.0040000000000000036,-0.05,0.019,0.0,0.0,0.0,,,64904,102425,64.7692,True,False,False,False,False,False,True,0.26537652410122164,0.4893693161081726,9.177443898267525,15.143545728426767,68.10468223859316,3.4072873687757683,xeon5,False,complete,True,,,,,,,,,,
case_1432,722,qlognehvi,2026-07-27T08:27:50,0.5651881063985907,0.563829935087016,3.6236224881432406,3.724993472247995,4.967193781115084,0.6233098516410138,58.53610014091222,50.26122393945572,0.07430070069157946,0.8705205879188613,41.98793612928302,3.750839587840155,2.048028332377028,33.04391256169209,1.3396205018832688,18.754197939200775,0.49200788266684914,12.991437149402152,1.1817773038662978,1.3464241647250748,6.652430732081097,9.74280292913018,16.440905438546523,4.018861505649806,19.70589702322889,3.0903721970490836,2.5692114520412375,4.429992698932352,19.20149843573431,2026-07-27T09:50:12,central_target_d10um_mobo_v1,cfd_failed,-2.0,0,0,0,0,0,0,0,0,0,0,1000,0.0,0.0,10.0,5.0,0.0,0.0,0.0,0.0,0.0,0.0,0.0,0.0,0.0,1.0,0.0,0.0,0.0,0.0,0.0,0.0,0.0,0.0,0.0,0.0,0.0,0.0,0.0,0.0,0.0,0.0,0.95,-0.05,0.0,0.0,0.0,0.0,,,38542,68165,680910.0,True,False,False,True,False,False,False,0.44563320123595085,0.4674379469151814,6.63644465510909,11.77029498102985,58.46533603166155,0.8705205879188613,xeon4,True,completed_with_runaway_velocity,True,10000.0,236.0,3875.0,12.42768730506951,332.926,38.6826,1886740000000.0,True,False,False
